date,marketReturn_excess,marketRF,marketReturn,NBER_rec_index,hmlFactor,smbFactor,momentumFactor,conditionalVariance,CAPE
1965-01-31,0.0354,0.0028000000000000004,0.0382,0,0.0036,0.025699999999999997,-0.0138,0.04213275,23.26933508192246
1965-02-28,0.0044,0.003,0.0074,0,0.0022,0.0331,0.0024,0.1773196675900277,23.372068272751324
1965-03-31,-0.0134,0.0036,-0.0098,0,0.0115,0.0179,0.0017000000000000001,0.05128657844990548,23.253528200034832
1965-04-30,0.0311,0.0031,0.0342,0,0.0073,0.011399999999999999,0.0253,0.04453877551020408,23.420551954771284
1965-05-31,-0.0078000000000000005,0.0031,-0.004700000000000001,0,-0.0155,0.0002,0.0055000000000000005,0.14495875,23.708808308861926
1965-06-30,-0.055099999999999996,0.0034999999999999996,-0.05159999999999999,0,0.0023,-0.0407,-0.0318,0.806499173553719,22.385342986457776
1965-07-31,0.0144,0.0031,0.017499999999999998,0,0.0219,0.0086,0.0409,0.2300997732426304,22.300781712174423
1965-08-31,0.0273,0.0033,0.030600000000000002,0,-0.0098,0.0285,0.0258,0.033726652892561985,22.66597184596438
1965-09-30,0.0286,0.0031,0.0317,0,-0.0014000000000000002,0.0063,0.0329,0.10822494331065761,23.374146831648616
1965-10-31,0.026000000000000002,0.0031,0.0291,0,0.0155,0.0252,0.0345,0.07197052154195012,23.775745523312683
1965-11-30,-0.0003,0.0034999999999999996,0.0031999999999999997,0,0.0016,0.046900000000000004,0.044000000000000004,0.059184749999999994,23.925461156673716
1965-12-31,0.0101,0.0033,0.013399999999999999,0,0.0215,0.0207,-0.001,0.13497768595041323,23.69411154910632
1966-01-31,0.0072,0.0038,0.011,0,0.0327,0.04019999999999999,0.0528,0.060938775510204074,24.058483388421738
1966-02-28,-0.0121,0.0034999999999999996,-0.0086,0,0.0038,0.0444,0.0458,0.15657063711911356,23.700027145579394
1966-03-31,-0.025099999999999997,0.0038,-0.021299999999999996,0,-0.0213,0.0086,0.0147,0.4251863894139887,22.61111258228999
1966-04-30,0.0213,0.0034000000000000002,0.0247,0,-0.0036,0.0344,0.0588,0.15108475000000002,23.11369646261582
1966-05-31,-0.0567,0.0040999999999999995,-0.0526,0,-0.016,-0.046,-0.0471,0.9118439909297051,21.85217797676309
1966-06-30,-0.0144,0.0038,-0.0106,0,0.0049,0.0102,0.0323,0.2360605371900827,21.55525338322625
1966-07-31,-0.0163,0.0034999999999999996,-0.012799999999999999,0,0.0091,-0.0034999999999999996,-0.013000000000000001,0.476429,21.38170200743341
1966-08-31,-0.0794,0.0040999999999999995,-0.0753,0,0.005,-0.0326,-0.022099999999999998,1.258973156899811,19.913903864009807
1966-09-30,-0.0106,0.004,-0.0066,0,0.0048,-0.0101,-0.018600000000000002,0.7122807256235826,19.161676250615002
1966-10-31,0.038599999999999995,0.0045000000000000005,0.0431,0,0.0274,-0.066,-0.052000000000000005,1.1087006802721089,18.825409371315676
1966-11-30,0.0138,0.004,0.0178,0,-0.0463,0.0407,0.057300000000000004,0.36792275,19.711251211928964
1966-12-31,0.0013,0.004,0.0053,0,-0.0095,0.019299999999999998,0.009899999999999999,0.2534630385487529,19.736473752791973
1967-01-31,0.0815,0.0043,0.0858,0,0.0236,0.081,-0.07,0.20784353741496597,20.43224212538428
1967-02-28,0.0077,0.0036,0.011300000000000001,0,-0.0226,0.0332,0.0351,0.21210360110803322,21.074443163678442
1967-03-31,0.039900000000000005,0.0039000000000000003,0.043800000000000006,0,0.004699999999999999,0.0147,0.0139,0.16440826446280996,21.4438986020191
1967-04-30,0.038900000000000004,0.0032,0.042100000000000005,0,-0.0229,0.004699999999999999,0.0052,0.3583887499999999,21.686025566746245
1967-05-31,-0.0432,0.0033,-0.039900000000000005,0,0.008,0.021099999999999997,0.0066,0.34159524793388424,21.9484773896584
1967-06-30,0.0242,0.0027,0.0269,0,0.008,0.058499999999999996,0.0601,0.4842181818181819,21.552097609793485
1967-07-31,0.0458,0.0032,0.049,0,0.0275,0.0317,-0.011000000000000001,0.060922749999999984,21.80419624566637
1967-08-31,-0.009000000000000001,0.0031,-0.005900000000000001,0,0.0143,0.0043,-0.0132,0.12362570888468812,22.030627049126018
1967-09-30,0.031,0.0032,0.0342,0,-0.024700000000000003,0.0304,0.0239,0.13722275,22.219145488664793
1967-10-31,-0.0308,0.0039000000000000003,-0.0269,0,-0.0329,0.0147,0.0368,0.17062665289256196,22.068199194183883
1967-11-30,0.0037,0.0036,0.0073,0,-0.0171,0.0018,0.012199999999999999,0.521516,21.263102968336284
1967-12-31,0.0305,0.0033,0.0338,0,-0.0054,0.0562,0.032,0.11661474999999999,21.751597808723627
1968-01-31,-0.0403,0.004,-0.0363,0,0.048499999999999995,0.039900000000000005,-0.0446,0.2104035123966942,21.511535896332177
1968-02-29,-0.0374,0.0039000000000000003,-0.0335,0,0.0123,-0.0294,-0.0334,0.45889307479224367,20.42499237621422
1968-03-31,0.0021,0.0038,0.0059,0,-0.0063,-0.013000000000000001,0.0319,0.7674222222222223,19.934711308295697
1968-04-30,0.0902,0.0043,0.0945,0,-0.011000000000000001,0.056600000000000004,0.051100000000000007,0.58274475,21.27735601567174
1968-05-31,0.022799999999999997,0.0045000000000000005,0.027299999999999998,0,0.008199999999999999,0.0629,0.0375,0.15592892561983474,21.63022714277988
1968-06-30,0.006999999999999999,0.0043,0.0113,0,0.0066,-0.0019,-0.0209,0.3300650519031142,22.004623431346534
1968-07-31,-0.0269,0.0048,-0.0221,0,0.053099999999999994,-0.0128,-0.0089,0.4990415224913495,21.75353741567095
1968-08-31,0.013500000000000002,0.0042,0.0177,0,0.009899999999999999,0.0242,0.019,0.1648027777777778,21.137766793617857
1968-09-30,0.0405,0.0043,0.0448,0,0.003,0.0274,-0.0064,0.0932484429065744,21.68027563329293
1968-10-31,0.0043,0.0044,0.0087,0,0.0282,-0.005,-0.0146,0.1236777777777778,22.00460692795689
1968-11-30,0.054299999999999994,0.0042,0.058499999999999996,0,-0.0096,0.023399999999999997,0.0174,0.07813979238754325,22.19552922715815
1968-12-31,-0.0393,0.0043,-0.035,0,0.0004,0.0336,0.0032,0.13756543209876546,22.27787299543488
1969-01-31,-0.0125,0.0053,-0.007200000000000001,0,0.0166,-0.0063,-0.0015,0.31675227272727274,21.19496807284715
1969-02-28,-0.058600000000000006,0.0046,-0.054000000000000006,0,0.0089,-0.039599999999999996,-0.0255,0.2998867283950617,20.895729901987238
1969-03-31,0.026600000000000002,0.0046,0.031200000000000002,0,-0.0042,-0.003,0.0406,0.27370875000000006,20.20228761648166
1969-04-30,0.0146,0.0053,0.0199,0,0.0002,-0.008100000000000001,0.0124,0.2674285714285714,20.42860808193216
1969-05-31,-0.0009,0.0048,0.0039,0,0.0062,-0.0032,0.0181,0.19234195011337865,20.972258271972102
1969-06-30,-0.0719,0.0051,-0.0668,0,-0.011000000000000001,-0.053399999999999996,-0.0231,0.323675283446712,19.713341583757632
1969-07-31,-0.07,0.0053,-0.06470000000000001,0,0.0118,-0.032400000000000005,0.0182,1.1390752834467122,18.681708207192763
1969-08-31,0.046900000000000004,0.005,0.0519,0,-0.0375,0.008100000000000001,0.021400000000000002,0.45046666666666657,18.429515590207746
1969-09-30,-0.0297,0.0062,-0.0235,0,-0.0322,0.0123,0.024300000000000002,0.4149523809523809,18.398046344676978
1969-10-31,0.0506,0.006,0.0566,0,-0.031200000000000002,0.0392,-0.0436,0.31945973534971644,18.448662031815356
1969-11-30,-0.038,0.0052,-0.032799999999999996,0,-0.0125,-0.0255,0.036699999999999997,0.2644365650969529,18.437760084691043
1969-12-31,-0.0263,0.0064,-0.0199,0,-0.0288,-0.0368,0.0527,0.599901652892562,17.32692991374269
1970-01-31,-0.081,0.006,-0.075,1,0.0317,0.0291,0.005600000000000001,0.4079061224489796,17.09054139514021
1970-02-28,0.051399999999999994,0.0062,0.05759999999999999,1,0.0369,-0.0239,0.0027,0.4776653739612188,16.37258678715985
1970-03-31,-0.0106,0.005699999999999999,-0.004900000000000001,1,0.0408,-0.0231,-0.0036,0.4909324263038549,16.531690813943623
1970-04-30,-0.1099,0.005,-0.1049,1,0.061399999999999996,-0.061399999999999996,-0.0083,0.6512330578512397,15.873067819354064
1970-05-31,-0.069,0.0053,-0.0637,1,0.0332,-0.0461,-0.026600000000000002,4.210999092970522,13.983836060789194
1970-06-30,-0.057999999999999996,0.0058,-0.052199999999999996,1,0.0044,-0.0208,0.0564,1.241186776859504,13.799691797725183
1970-07-31,0.0692,0.0052,0.0744,1,0.009300000000000001,-0.0055000000000000005,-0.031200000000000002,0.8456357438016529,13.72649974435977
1970-08-31,0.045,0.0053,0.0503,1,0.0141,0.0148,-0.0668,0.8567061224489796,14.100456516815447
1970-09-30,0.0418,0.0054,0.0472,1,-0.0541,0.0861,-0.0864,0.5257079365079365,14.842661145242223
1970-10-31,-0.0227,0.0046,-0.0181,1,0.0021,-0.0417,0.09449999999999999,0.45954483471074375,15.064185404089633
1970-11-30,0.0462,0.0046,0.0508,1,0.0158,-0.0397,0.0259,0.429296,14.95076190879173
1970-12-31,0.0574,0.0042,0.0616,0,0.0104,0.0282,-0.023,0.19157871900826448,15.873840687205748
1971-01-31,0.0483,0.0038,0.0521,0,0.0155,0.0728,-0.06860000000000001,0.22705274999999997,16.461793943491944
1971-02-28,0.0141,0.0033,0.0174,0,-0.0124,0.018600000000000002,0.008199999999999999,0.2774138504155124,17.034534781502124
1971-03-31,0.0412,0.003,0.0442,0,-0.0395,0.026000000000000002,-0.013999999999999999,0.18445746691871456,17.402902607188874
1971-04-30,0.0315,0.0028000000000000004,0.0343,0,0.0086,-0.0049,0.013600000000000001,0.11307256235827663,17.924110447959606
1971-05-31,-0.039900000000000005,0.0029,-0.037000000000000005,0,-0.013300000000000001,-0.0104,0.009300000000000001,0.23099274999999997,17.564153279699383
1971-06-30,-0.0009,0.0037,0.0028000000000000004,0,-0.0197,-0.015300000000000001,0.0269,0.4420446280991736,17.083166880070706
1971-07-31,-0.0449,0.004,-0.040900000000000006,0,-0.0002,-0.0151,-0.0232,0.2381038548752835,16.88941470869336
1971-08-31,0.0379,0.004699999999999999,0.0426,0,0.0264,-0.0022,0.0344,1.133297520661157,16.519449443051563
1971-09-30,-0.0086,0.0037,-0.0049,0,-0.028999999999999998,0.005,0.021,0.24530748299319718,16.856792547836005
1971-10-31,-0.044199999999999996,0.0037,-0.040499999999999994,0,-0.0051,-0.0175,0.005,0.2900965986394558,16.42886270915947
1971-11-30,-0.0046,0.0037,-0.0008999999999999998,0,-0.0167,-0.0277,0.0151,0.9092752834467122,15.63871265432665
1971-12-31,0.08710000000000001,0.0037,0.0908,0,-0.0038,0.0329,-0.0062,0.36669359504132226,16.603557212925335
1972-01-31,0.024700000000000003,0.0029,0.027600000000000003,0,0.0212,0.0584,0.0007000000000000001,0.24316099773242636,17.262996797035175
1972-02-29,0.0287,0.0025,0.0312,0,-0.028300000000000002,0.0132,0.0253,0.11072600000000002,17.46414760548617
1972-03-31,0.0062,0.0027,0.0089,0,-0.0161,-0.0029,0.0294,0.2629809917355372,17.80564384961494
1972-04-30,0.0029,0.0029,0.0058,0,0.0003,0.0016,0.0279,0.198445,17.91516167849829
1972-05-31,0.0129,0.003,0.0159,0,-0.027200000000000002,-0.0271,0.0333,0.36493904958677686,17.662646200372553
1972-06-30,-0.024300000000000002,0.0029,-0.021400000000000002,0,-0.0246,0.0028000000000000004,0.019,0.14844214876033057,17.640857315740252
1972-07-31,-0.008,0.0031,-0.0049,0,0.006,-0.028999999999999998,0.0268,0.28949275,17.39869003113817
1972-08-31,0.0327,0.0029,0.0356,0,0.045599999999999995,-0.039900000000000005,-0.0536,0.22371568998109637,17.9434046880298
1972-09-30,-0.011399999999999999,0.0034000000000000002,-0.007999999999999998,0,0.0049,-0.026600000000000002,0.0183,0.23643500000000003,17.613854552912112
1972-10-31,0.0052,0.004,0.0092,0,0.012199999999999999,-0.0273,0.006999999999999999,0.37038842975206615,17.533183854158555
1972-11-30,0.046,0.0037,0.0497,0,0.048799999999999996,-0.0118,-0.0508,0.16795475,18.338894714968063
1972-12-31,0.0062,0.0037,0.009899999999999999,0,-0.0218,-0.0195,0.0495,0.2577401662049862,18.64571944207368
1973-01-31,-0.0327,0.0044,-0.0283,0,0.027000000000000003,-0.0349,0.038,0.2531324263038549,18.712530467302436
1973-02-28,-0.048499999999999995,0.0042,-0.04429999999999999,0,0.016399999999999998,-0.038900000000000004,0.0222,0.5901562326869807,17.889889599193754
1973-03-31,-0.013000000000000001,0.0046,-0.008400000000000001,0,0.025699999999999997,-0.0278,0.0355,0.6665059917355372,17.41214205829034
1973-04-30,-0.056799999999999996,0.0052,-0.05159999999999999,0,0.053899999999999997,-0.0384,0.0635,0.686521,16.935740066050823
1973-05-31,-0.0297,0.0051,-0.0246,0,0.0038,-0.06269999999999999,0.0719,1.3864446280991733,16.314338759668576
1973-06-30,-0.015700000000000002,0.0051,-0.010600000000000002,0,0.011399999999999999,-0.028399999999999998,0.0433,0.9408181405895691,15.80832304768198
1973-07-31,0.0504,0.0064,0.0568,0,-0.0526,0.07919999999999999,-0.1167,0.7830031746031746,15.889518573988783
1973-08-31,-0.0382,0.006999999999999999,-0.0312,0,0.0103,-0.02,0.0359,0.43171190926276,15.27850109470613
1973-09-30,0.047400000000000005,0.0068000000000000005,0.054200000000000005,0,0.0222,0.029300000000000003,-0.0698,0.3848138504155124,15.475308601805565
1973-10-31,-0.0083,0.006500000000000001,-0.0017999999999999995,0,0.0166,-0.0021,0.0678,0.5373168241965974,15.913516308933387
1973-11-30,-0.1278,0.005600000000000001,-0.1222,0,0.0409,-0.07719999999999999,0.08929999999999999,1.7119079365079364,14.651845159710572
1973-12-31,0.0059,0.0064,0.0123,1,0.0401,-0.054000000000000006,0.1016,2.47618475,13.49332968620589
1974-01-31,-0.0016,0.0063,0.0047,1,0.059500000000000004,0.0968,-0.0892,1.3533264462809917,13.530721892513949
1974-02-28,-0.0046,0.0058,0.0011999999999999997,1,0.024700000000000003,0.0,0.0037,0.8597418282548477,12.95732128020539
1974-03-31,-0.0282,0.005600000000000001,-0.0226,1,-0.0014000000000000002,0.025,-0.01,0.703831746031746,13.31036423914016
1974-04-30,-0.0528,0.0075,-0.0453,1,0.0092,-0.0068000000000000005,0.0206,0.7278657596371881,12.550411048540907
1974-05-31,-0.047,0.0075,-0.0395,1,-0.0208,-0.029300000000000003,-0.0029,0.8426671487603307,11.995436947329656
1974-06-30,-0.028399999999999998,0.006,-0.022399999999999996,1,0.0083,-0.0024,0.0232,1.0746887500000002,11.888498820078997
1974-07-31,-0.0806,0.006999999999999999,-0.0736,1,0.0516,0.0078000000000000005,0.03,2.0843239669421485,10.39414180532705
1974-08-31,-0.09390000000000001,0.006,-0.0879,1,0.026099999999999998,-0.0069,0.030299999999999997,1.7850520661157028,9.824195723141194
1974-09-30,-0.11789999999999999,0.008100000000000001,-0.1098,1,0.054299999999999994,0.0027,0.0424,3.2387049999999995,8.680421305646332
1974-10-31,0.1611,0.0051,0.1662,1,-0.09910000000000001,-0.034300000000000004,-0.0053,3.343251039697543,8.744983833809583
1974-11-30,-0.0453,0.0054,-0.0399,1,-0.0025,-0.011699999999999999,0.022000000000000002,1.58445275,8.948984512755604
1974-12-31,-0.0344,0.006999999999999999,-0.0274,1,0.0012,-0.047400000000000005,0.0298,1.665863038548753,8.28906005592308
1975-01-31,0.1367,0.0058,0.1425,1,0.08259999999999999,0.1106,-0.138,1.3564721074380164,8.920995508404248
1975-02-28,0.0556,0.0043,0.059899999999999995,1,-0.0447,0.0012,-0.0058,0.919994459833795,9.762246716166466
1975-03-31,0.026600000000000002,0.0040999999999999995,0.0307,1,0.0242,0.0375,-0.0207,1.0803040000000002,10.163796767444035
1975-04-30,0.042199999999999994,0.0044,0.046599999999999996,0,-0.0113,-0.0064,0.0151,0.8221966942148761,10.233076136605918
1975-05-31,0.052000000000000005,0.0044,0.056400000000000006,0,-0.0405,0.0393,-0.0058,0.6994331065759637,10.818139119335811
1975-06-30,0.0487,0.0040999999999999995,0.0528,0,0.013500000000000002,0.008100000000000001,-0.0004,0.5316657596371882,11.011354609247663
1975-07-31,-0.066,0.0048,-0.061200000000000004,0,0.0176,0.026600000000000002,0.0034000000000000002,0.4765685950413224,10.902767048238577
1975-08-31,-0.028399999999999998,0.0048,-0.0236,0,-0.0091,-0.0317,-0.0016,1.0813265306122446,10.089769593328018
1975-09-30,-0.0426,0.0053,-0.0373,0,0.0033,-0.0016,0.004,0.985328344671202,9.91890535655942
1975-10-31,0.053200000000000004,0.005600000000000001,0.058800000000000005,0,0.0034999999999999996,-0.0408,-0.0022,0.7632389413988657,10.327599777501112
1975-11-30,0.0265,0.0040999999999999995,0.0306,0,0.0203,-0.012199999999999999,-0.005,0.37331578947368416,10.435859457947899
1975-12-31,-0.016,0.0048,-0.011200000000000002,0,0.017,-0.0087,-0.001,0.611713429752066,10.250368416256839
1976-01-31,0.1215,0.004699999999999999,0.1262,0,0.0863,0.0487,0.0437,0.5800712018140589,11.18505136262215
1976-02-29,0.0031,0.0034000000000000002,0.006500000000000001,0,0.0571,0.0697,0.0038,0.6022681440443215,11.58609299444969
1976-03-31,0.0232,0.004,0.0272,0,-0.0011,-0.011699999999999999,0.0022,0.4479013232514178,11.631754403566514
1976-04-30,-0.0149,0.0042,-0.010700000000000001,0,-0.0016,-0.0008,0.0053,0.44953786848072563,11.689164132206368
1976-05-31,-0.0134,0.0037,-0.0097,0,-0.0129,-0.011899999999999999,-0.010700000000000001,0.41504399999999997,11.532053585609424
1976-06-30,0.0406,0.0043,0.044899999999999995,0,0.0073,-0.0132,-0.0044,0.33928181818181824,11.543841631417104
1976-07-31,-0.0106,0.004699999999999999,-0.005900000000000001,0,0.0174,0.0028000000000000004,-0.0015,0.19307120181405898,11.757490488689912
1976-08-31,-0.005699999999999999,0.0042,-0.0014999999999999996,0,0.0079,-0.020499999999999997,-0.0078000000000000005,0.29062314049586774,11.59798600250925
1976-09-30,0.0206,0.0044,0.025,0,-0.0031,0.0008,0.002,0.32718548752834464,11.805990949539794
1976-10-31,-0.0242,0.0040999999999999995,-0.0201,0,-0.0017000000000000001,0.0014000000000000002,-0.0043,0.4975283446712018,11.3456961363167
1976-11-30,0.0036,0.004,0.0076,0,0.015300000000000001,0.023399999999999997,0.0282,0.4855289999999998,11.248855860507966
1976-12-31,0.0565,0.004,0.0605,0,0.0223,0.030299999999999997,0.0073,0.17459008264462808,11.597589726582942
1977-01-31,-0.0403,0.0036,-0.0367,0,0.0432,0.0475,0.0405,0.22375827664399084,11.437961346787555
1977-02-28,-0.0194,0.0034999999999999996,-0.0159,0,0.0045000000000000005,0.0103,0.0034000000000000002,0.13781329639889195,11.014841854222778
1977-03-31,-0.013500000000000002,0.0038,-0.009700000000000002,0,0.0109,0.009899999999999999,0.0068000000000000005,0.23949262759924383,10.895746511662741
1977-04-30,0.0015,0.0038,0.0053,0,0.0338,-0.0013,0.04190000000000001,0.42794275000000004,10.636037409141363
1977-05-31,-0.0147,0.0037,-0.011,0,0.008100000000000001,0.0125,0.020099999999999996,0.23294195011337865,10.548486693557
1977-06-30,0.0472,0.004,0.051199999999999996,0,-0.0062,0.0207,0.016,0.16393553719008266,10.53002395909076
1977-07-31,-0.0169,0.0042,-0.0127,0,-0.006,0.0209,0.0038,0.2504304709141274,10.56769244777541
1977-08-31,-0.0176,0.0044,-0.0132,0,-0.0277,0.0155,-0.0163,0.17838790170132324,10.268385666711
1977-09-30,-0.0027,0.0043,0.0015999999999999999,0,-0.0026,0.015,0.021,0.18032290249433103,10.067742820070706
1977-10-31,-0.043899999999999995,0.0049,-0.03899999999999999,0,0.016200000000000003,0.011899999999999999,-0.0012,0.2808616780045352,9.76666629955655
1977-11-30,0.04,0.005,0.045,0,0.0023,0.0368,0.021400000000000002,0.5784276643990929,9.766299983660204
1977-12-31,0.0027,0.0049,0.0076,0,-0.0029,0.013600000000000001,0.0159,0.2650013605442177,9.678266582535924
1978-01-31,-0.06,0.0049,-0.055099999999999996,0,0.0338,0.022799999999999997,-0.0058,0.32724263038548745,9.241462260934693
1978-02-28,-0.0139,0.0046,-0.0093,0,0.008100000000000001,0.0359,0.0196,0.2662271468144044,9.045263570704742
1978-03-31,0.0285,0.0053,0.033800000000000004,0,0.0115,0.0344,0.014499999999999999,0.2054853305785124,8.950420077633895
1978-04-30,0.0787,0.0054,0.08410000000000001,0,-0.0354,0.0036,0.0049,0.527676,9.262588720866846
1978-05-31,0.0176,0.0051,0.0227,0,-0.0055000000000000005,0.0453,0.0277,0.36254814049586775,9.634910728598452
1978-06-30,-0.0169,0.0054,-0.011499999999999998,0,0.006,0.0174,0.0278,0.3768140495867769,9.54967898104174
1978-07-31,0.0512,0.005600000000000001,0.0568,0,-0.01,0.0029,0.04190000000000001,0.29197474999999995,9.425524047787361
1978-08-31,0.0378,0.005600000000000001,0.0434,0,-0.0066,0.0506,0.03,0.3610665406427221,10.023970854003757
1978-09-30,-0.0144,0.0062,-0.008199999999999999,0,0.018799999999999997,-0.0049,-0.032,0.45493474999999994,9.941887473004408
1978-10-31,-0.11900000000000001,0.0068000000000000005,-0.11220000000000001,0,0.0126,-0.0989,-0.0842,0.8196322314049586,9.533608358208832
1978-11-30,0.0271,0.006999999999999999,0.0341,0,-0.0208,0.030600000000000002,0.0545,1.524957823129252,8.928418902293151
1978-12-31,0.0087,0.0078000000000000005,0.0165,0,-0.021400000000000002,0.011899999999999999,0.0301,0.800641,9.011941819133831
1979-01-31,0.042199999999999994,0.0077,0.04989999999999999,0,0.0219,0.0355,-0.0143,0.392822520661157,9.257636919139975
1979-02-28,-0.0356,0.0073,-0.0283,0,0.011699999999999999,0.0044,-0.009899999999999999,0.3674764542936288,9.003740371045636
1979-03-31,0.0567,0.008100000000000001,0.0648,0,-0.0068000000000000005,0.032,0.0291,0.254229958677686,9.070785029660765
1979-04-30,-0.0007000000000000001,0.008,0.0073,0,0.011200000000000002,0.0217,0.0087,0.28452875000000005,9.133063566217414
1979-05-31,-0.022000000000000002,0.008199999999999999,-0.013800000000000003,0,0.0132,0.0021,-0.0055000000000000005,0.40159442148760327,8.794383289814958
1979-06-30,0.0384,0.008100000000000001,0.0465,0,0.014199999999999999,0.0113,0.0077,0.20905986394557824,8.853937764693953
1979-07-31,0.0083,0.0077,0.016,0,0.0179,0.0128,-0.010700000000000001,0.3169759637188209,8.827498045542365
1979-08-31,0.0554,0.0077,0.0631,0,-0.0158,0.019799999999999998,-0.0029,0.1391289224952741,9.127165797215032
1979-09-30,-0.0083,0.0083,0.0,0,-0.009399999999999999,-0.0026,0.0528,0.5845778393351801,9.112758990740957
1979-10-31,-0.081,0.0087,-0.0723,0,-0.0183,-0.0338,0.0204,1.2439323251417769,8.681843306899312
1979-11-30,0.052199999999999996,0.009899999999999999,0.062099999999999995,0,-0.0321,0.0281,0.0803,0.6292725623582767,8.518784302983558
1979-12-31,0.0178,0.0095,0.027299999999999998,0,-0.0213,0.041299999999999996,0.0472,0.20582274999999997,8.745204404669293
1980-01-31,0.055,0.008,0.063,0,0.018500000000000003,0.016200000000000003,0.0745,0.7501876033057852,8.850934180729109
1980-02-29,-0.0123,0.0089,-0.0034000000000000002,1,0.0059,-0.018600000000000002,0.0789,0.7621327499999999,9.054476092192516
1980-03-31,-0.129,0.0121,-0.1169,1,-0.0096,-0.067,-0.0958,2.171827664399093,8.081150900785499
1980-04-30,0.0395,0.0126,0.0521,1,0.0103,0.0105,-0.0048,1.222271201814059,7.844024504719214
1980-05-31,0.0526,0.008100000000000001,0.060700000000000004,1,0.0038,0.020499999999999997,-0.0118,0.5510412698412699,8.104225807176492
1980-06-30,0.0298,0.0060999999999999995,0.0359,1,-0.008,0.0166,0.0158,0.5175741496598638,8.51207796230674
1980-07-31,0.06509999999999999,0.0053,0.07039999999999999,1,-0.0629,0.040999999999999995,0.0029,0.43935805785123955,8.880865527295843
1980-08-31,0.0175,0.0064,0.0239,0,-0.0246,0.039,0.030600000000000002,0.7668507936507938,9.07100598161838
1980-09-30,0.0219,0.0075,0.0294,0,-0.0461,0.0096,0.054299999999999994,1.2308371882086167,9.19604013174324
1980-10-31,0.0104,0.0095,0.0199,0,-0.029300000000000003,0.0239,0.0713,0.8825209829867674,9.35784104675711
1980-11-30,0.096,0.0096,0.1056,0,-0.08109999999999999,-0.0327,0.1515,0.944388888888889,9.65404366323339
1980-12-31,-0.0446,0.0131,-0.0315,0,0.027999999999999997,-0.0028000000000000004,-0.06709999999999999,1.2549679752066119,9.389902084921742
1981-01-31,-0.0506,0.0104,-0.0402,0,0.0674,0.0291,-0.0782,0.7504045351473921,9.259404530877953
1981-02-28,0.0060999999999999995,0.010700000000000001,0.016800000000000002,0,0.0097,-0.004699999999999999,-0.013500000000000002,0.810403324099723,8.829899353831305
1981-03-31,0.036699999999999997,0.0121,0.048799999999999996,0,0.0060999999999999995,0.0334,0.008199999999999999,0.668225,9.081096883854624
1981-04-30,-0.0216,0.0108,-0.0108,0,0.022799999999999997,0.045,-0.0108,0.3746122448979592,9.085561230788741
1981-05-31,0.0013,0.0115,0.012799999999999999,0,-0.0043,0.0194,0.0356,0.39630599999999994,8.818483466548065
1981-06-30,-0.023399999999999997,0.013500000000000002,-0.009899999999999996,0,0.051399999999999994,-0.0083,-0.0567,0.422888429752066,8.765340744304925
1981-07-31,-0.0155,0.0124,-0.0031000000000000003,0,-0.0060999999999999995,-0.0207,-0.024399999999999998,0.45149938016528923,8.445319467875512
1981-08-31,-0.0702,0.0128,-0.0574,1,0.0471,-0.0195,-0.011000000000000001,0.7421333333333334,8.399806316566439
1981-09-30,-0.0719,0.0124,-0.059500000000000004,1,0.051100000000000007,-0.0268,0.0213,1.2916412698412698,7.5811630519231565
1981-10-31,0.0492,0.0121,0.0613,1,-0.0409,0.0213,0.0383,0.7899845041322314,7.649141713319211
1981-11-30,0.034,0.010700000000000001,0.044700000000000004,1,0.0191,-0.0109,-0.0021,0.57163275,7.8107525657161085
1981-12-31,-0.0363,0.0087,-0.0276,1,0.0079,0.0118,0.0128,0.3053231404958678,7.8325621371418945
1982-01-31,-0.0323,0.008,-0.024300000000000002,1,0.0319,-0.0125,0.0177,1.10385875,7.388659973375994
1982-02-28,-0.058600000000000006,0.0092,-0.049400000000000006,1,0.060899999999999996,0.0046,0.0487,0.6789041551246537,7.181823450546732
1982-03-31,-0.0182,0.0098,-0.008400000000000001,1,0.037599999999999995,-0.0019,0.028999999999999998,0.6355814744801512,6.950673793536031
1982-04-30,0.032400000000000005,0.0113,0.0437,1,-0.0308,0.016399999999999998,-0.0046,0.42527210884353744,7.259072625426145
1982-05-31,-0.0393,0.0106,-0.028700000000000003,1,0.0178,0.0017000000000000001,0.025099999999999997,0.3577127500000001,7.1926124844646235
1982-06-30,-0.0308,0.0096,-0.021200000000000004,1,0.015600000000000001,-0.0043,0.0489,0.5650107438016528,6.692133988197585
1982-07-31,-0.032,0.0105,-0.0215,1,0.0007000000000000001,0.0091,0.044000000000000004,0.34932290249433107,6.638653100208757
1982-08-31,0.11230000000000001,0.0076,0.1199,1,0.0109,-0.042800000000000005,-0.036000000000000004,2.069865289256198,6.643422752166087
1982-09-30,0.0131,0.0051,0.0182,1,0.0023,0.0287,0.0414,0.7911297052154195,7.398838200323303
1982-10-31,0.113,0.0059,0.1189,1,-0.0362,0.023799999999999998,0.0001,2.123742857142857,7.999840994534585
1982-11-30,0.046799999999999994,0.0063,0.053099999999999994,1,-0.018000000000000002,0.0463,0.0592,2.080910657596372,8.347476938155424
1982-12-31,0.005600000000000001,0.0067,0.012300000000000002,0,-0.0006,-0.0031,-0.0002,0.8760861570247935,8.467738401400476
1983-01-31,0.0359,0.0069,0.042800000000000005,0,-0.0072,0.0282,-0.0163,1.3201918367346939,8.75678322413474
1983-02-28,0.0259,0.0062,0.0321,0,0.0066,0.0318,0.0369,0.7125324099722992,8.910493436624115
1983-03-31,0.0281,0.0063,0.0344,0,0.0206,0.0175,0.0088,0.4705168241965975,9.232829705190523
1983-04-30,0.0666,0.0070999999999999995,0.0737,0,0.0043,0.0046,0.0163,0.4462909999999999,9.531581284160408
1983-05-31,0.0051,0.0069,0.012,0,-0.013999999999999999,0.062,-0.0155,0.49304126984126995,9.874456504668396
1983-06-30,0.030699999999999998,0.0067,0.037399999999999996,0,-0.038900000000000004,0.009300000000000001,0.0183,0.5459952479338844,10.000117903130018
1983-07-31,-0.0406,0.0074,-0.03319999999999999,0,0.0554,0.015,-0.0308,0.9513290000000001,10.014475995571026
1983-08-31,-0.005,0.0076,0.0026,0,0.0559,-0.0429,-0.0538,0.4823534971644613,9.728056935665206
1983-09-30,0.0092,0.0076,0.0168,0,0.009899999999999999,0.0060999999999999995,-0.0001,0.39484263038548756,9.984202458028774
1983-10-31,-0.034300000000000004,0.0076,-0.026700000000000005,0,0.0496,-0.0355,-0.0446,0.4231632653061224,10.003391799449625
1983-11-30,0.0217,0.006999999999999999,0.0287,0,-0.0073,0.0202,-0.0014000000000000002,0.2976997732426304,9.853581649364278
1983-12-31,-0.0177,0.0073,-0.0104,0,0.0175,-0.0025,0.008100000000000001,0.17523310657596372,9.815010903608668
1984-01-31,-0.0192,0.0076,-0.0116,0,0.0748,-0.0034999999999999996,-0.025699999999999997,0.34457460317460314,9.894931809202536
1984-02-29,-0.04769999999999999,0.0070999999999999995,-0.04059999999999999,0,0.0341,-0.0168,0.0045000000000000005,0.879501,9.324529645727983
1984-03-31,0.006500000000000001,0.0073,0.0138,0,0.0053,0.001,0.0109,0.48254483471074394,9.326747066508245
1984-04-30,-0.0051,0.008100000000000001,0.003000000000000001,0,0.011899999999999999,-0.0116,0.021400000000000002,0.38630275,9.305643404594823
1984-05-31,-0.059800000000000006,0.0078000000000000005,-0.052000000000000005,0,0.0026,0.0007000000000000001,0.0154,0.3430878099173553,9.231831816896044
1984-06-30,0.0181,0.0075,0.0256,0,-0.0275,-0.0024,-0.0053,0.5564775510204081,9.010185512291006
1984-07-31,-0.027200000000000002,0.008199999999999999,-0.019000000000000003,0,0.0039000000000000003,-0.022000000000000002,0.0277,0.3159569160997732,8.8683022140433
1984-08-31,0.1027,0.0083,0.111,0,-0.0174,-0.0027,-0.0562,0.9799069943289226,9.623063257373168
1984-09-30,-0.008,0.0086,0.0005999999999999998,0,0.0525,0.0015,0.0366,0.33823047091412745,9.68734131362808
1984-10-31,-0.0084,0.01,0.0016000000000000007,0,0.0059,-0.0111,0.032799999999999996,0.4118597353497164,9.595070703048503
1984-11-30,-0.0177,0.0073,-0.0104,0,0.0387,-0.0072,0.015600000000000001,0.36812290249433105,9.691973221783087
1984-12-31,0.0184,0.0064,0.0248,0,-0.0029,-0.0066,0.0138,0.42576875000000014,9.59505480113346
1985-01-31,0.0797,0.006500000000000001,0.0862,0,-0.0521,0.0327,-0.0682,0.45109090909090904,9.997001177730452
1985-02-28,0.012199999999999999,0.0058,0.018,0,-0.0024,0.0070999999999999995,0.0191,0.307614404432133,10.494935172607082
1985-03-31,-0.0083,0.0062,-0.0021000000000000003,0,0.0401,-0.010700000000000001,0.0178,0.28863129251700675,10.373217214924734
1985-04-30,-0.0096,0.0072,-0.0023999999999999994,0,0.036000000000000004,0.0009,0.029500000000000002,0.17455827664399093,10.39711871981682
1985-05-31,0.0507,0.0066,0.057300000000000004,0,-0.0098,-0.023,0.0405,0.2729611570247934,10.608120467860097
1985-06-30,0.0127,0.0055000000000000005,0.0182,0,0.0038,0.0048,0.0337,0.23766400000000004,10.810049845861217
1985-07-31,-0.0072,0.0062,-0.001,0,-0.016200000000000003,0.028300000000000002,-0.0369,0.2794148760330578,10.997563956793385
1985-08-31,-0.0101,0.0055000000000000005,-0.004599999999999999,0,0.023399999999999997,-0.003,0.0177,0.22008780991735533,10.738799808877284
1985-09-30,-0.0451,0.006,-0.0391,0,0.0121,-0.016200000000000003,0.016,0.3303185595567868,10.47123466169755
1985-10-31,0.04,0.006500000000000001,0.0465,0,0.0077,-0.015,0.0487,0.2677069943289225,10.55251698294375
1985-11-30,0.0646,0.0060999999999999995,0.0707,0,-0.0291,0.0019,-0.0055000000000000005,0.26180475000000003,11.164611128667467
1985-12-31,0.0388,0.006500000000000001,0.0453,0,-0.0146,-0.0053,-0.0023,0.4379419501133787,11.690521474467598
1986-01-31,0.006500000000000001,0.005600000000000001,0.012100000000000001,0,0.0046,0.0115,0.029500000000000002,0.6472944214876034,11.715007584487985
1986-02-28,0.07139999999999999,0.0053,0.07669999999999999,0,-0.0063,-0.005699999999999999,0.0256,0.29147700831024925,12.388219099418123
1986-03-31,0.049100000000000005,0.006,0.0551,0,-0.0039000000000000003,-0.0054,0.023799999999999998,0.37779899999999994,13.189022981532716
1986-04-30,-0.0128,0.0052,-0.007600000000000001,0,-0.0281,0.0276,-0.0034999999999999996,0.8518522727272727,13.552504172869476
1986-05-31,0.0462,0.0049,0.0511,0,-0.0014000000000000002,-0.013600000000000001,0.0206,0.42205079365079384,13.560046199232337
1986-06-30,0.0106,0.0052,0.0158,0,0.012,-0.009300000000000001,0.049400000000000006,0.48420589569161004,13.888688626457117
1986-07-31,-0.0643,0.0052,-0.0591,0,0.0466,-0.034300000000000004,0.0189,0.9126338842975208,13.61999553408381
1986-08-31,0.060700000000000004,0.0046,0.0653,0,0.0354,-0.0416,-0.051699999999999996,0.352027664399093,13.887667550866055
1986-09-30,-0.0859,0.0045000000000000005,-0.0814,0,0.0323,0.024,-0.056799999999999996,1.5035632653061222,13.467314312977132
1986-10-31,0.0464,0.0046,0.051,0,-0.014199999999999999,-0.0253,0.044800000000000006,0.261179584120983,13.42591886085736
1986-11-30,0.011699999999999999,0.0039000000000000003,0.0156,0,-0.0002,-0.0187,-0.0027,0.655572299168975,13.8729855961386
1986-12-31,-0.0326,0.0049,-0.027699999999999995,0,0.0036,0.0019,0.0045000000000000005,0.41412396694214876,14.08513981474331
1987-01-31,0.1245,0.0042,0.1287,0,-0.0318,-0.0189,0.0203,0.7351455782312926,14.922208103718946
1987-02-28,0.0438,0.0043,0.0481,0,-0.058600000000000006,0.0345,-0.0222,0.5160825484764542,15.822318142836453
1987-03-31,0.0163,0.004699999999999999,0.020999999999999998,0,0.0166,0.005,0.0166,0.6425322314049586,16.433343976069924
1987-04-30,-0.0209,0.0044,-0.016499999999999997,0,-0.0036,-0.0172,0.002,1.4923251700680273,16.196534453220877
1987-05-31,0.0011,0.0038,0.0049,0,0.0022,-0.0053,-0.0077,0.9082247499999999,16.160311952655736
1987-06-30,0.0391,0.0048,0.0439,0,0.0113,-0.0203,-0.0022,0.2817884297520662,16.825207307878713
1987-07-31,0.0384,0.0046,0.043,0,0.009399999999999999,-0.005699999999999999,0.025699999999999997,0.2259925619834711,17.306004390512218
1987-08-31,0.0352,0.004699999999999999,0.039900000000000005,0,-0.0098,-0.0085,-0.0095,0.6248752834467121,18.326907245856336
1987-09-30,-0.0258,0.0045000000000000005,-0.0213,0,0.0026,0.0058,0.008,0.8490562358276644,17.67562044993822
1987-10-31,-0.23190000000000002,0.006,-0.22590000000000002,0,0.0418,-0.0827,-0.0775,23.781422520661156,15.530055563627311
1987-11-30,-0.0776,0.0034999999999999996,-0.0741,0,0.031400000000000004,0.0268,-0.0121,2.57317475,13.590885143189084
1987-12-31,0.0682,0.0039000000000000003,0.0721,0,-0.044199999999999996,0.0003,0.0588,2.2549481404958676,13.389028514426965
1988-01-31,0.0421,0.0029,0.045,0,0.0493,-0.0075,-0.0735,3.330724,13.898336683569136
1988-02-29,0.04769999999999999,0.0046,0.05229999999999999,0,-0.015300000000000001,0.0333,-0.014499999999999999,0.608064,14.298270962469521
1988-03-31,-0.0226,0.0044,-0.018199999999999997,0,0.0086,0.0601,0.0060999999999999995,0.5283255198487713,14.668946811103458
1988-04-30,0.005699999999999999,0.0046,0.0103,0,0.0151,0.0091,0.022000000000000002,1.2352649999999998,14.433316420838942
1988-05-31,-0.0027,0.0051,0.0024000000000000002,0,0.024399999999999998,-0.0254,0.0066,0.8201773242630385,14.031891348027768
1988-06-30,0.0478,0.0049,0.052700000000000004,0,-0.013500000000000002,0.0202,-0.0302,0.6804514462809919,14.766468647879613
1988-07-31,-0.0125,0.0051,-0.0074,0,0.0218,-0.0023,0.0066,0.5846699999999999,14.60831571752209
1988-08-31,-0.0331,0.0059,-0.0272,0,0.021400000000000002,0.0007000000000000001,0.0036,0.4390661625708885,14.244946310675644
1988-09-30,0.0331,0.0062,0.039299999999999995,0,-0.0075,-0.0134,0.0029,0.352334693877551,14.369428776140156
1988-10-31,0.0116,0.0060999999999999995,0.0177,0,0.0203,-0.0292,0.013000000000000001,0.4978507936507936,14.811450153277715
1988-11-30,-0.0227,0.005699999999999999,-0.017,0,0.0147,-0.016399999999999998,0.0018,0.48661405895691606,14.445530680872878
1988-12-31,0.0148,0.0063,0.0211,0,-0.0183,0.0189,0.0031,0.17281224489795916,14.702086748571986
1989-01-31,0.060700000000000004,0.0055000000000000005,0.06620000000000001,0,0.0060999999999999995,-0.0219,-0.0025,0.25403446712018135,15.088072442713273
1989-02-28,-0.0223,0.0060999999999999995,-0.0162,0,0.009899999999999999,0.0281,0.009899999999999999,0.4307495844875347,15.467060462734736
1989-03-31,0.015700000000000002,0.0067,0.022400000000000003,0,0.004699999999999999,0.0067,0.0351,0.44101983471074374,15.298969108882348
1989-04-30,0.0435,0.0067,0.050199999999999995,0,-0.0148,-0.0067,0.0171,0.25185274999999996,15.686742656144569
1989-05-31,0.032799999999999996,0.0079,0.0407,0,-0.009000000000000001,-0.0009,0.014199999999999999,0.30380826446280995,16.186353538544545
1989-06-30,-0.013300000000000001,0.0070999999999999995,-0.0062000000000000015,0,0.022099999999999998,-0.0097,0.004,0.4994497933884297,16.64190423580858
1989-07-31,0.0718,0.006999999999999999,0.07880000000000001,0,-0.027999999999999997,-0.041100000000000005,0.053200000000000004,0.23006274999999995,17.013407650499122
1989-08-31,0.0143,0.0074,0.0217,0,0.0062,0.005699999999999999,-0.0049,0.3964748582230624,17.734251436577317
1989-09-30,-0.0076,0.006500000000000001,-0.0010999999999999994,0,-0.0127,0.003,0.0351,0.20421475,17.714220678979075
1989-10-31,-0.0365,0.0068000000000000005,-0.029699999999999997,0,-0.0116,-0.032400000000000005,0.013500000000000002,1.9259497933884304,17.640853852797942
1989-11-30,0.0104,0.0069,0.0173,0,-0.0113,-0.011899999999999999,0.027000000000000003,0.30036643990929707,17.242369266947424
1989-12-31,0.0118,0.0060999999999999995,0.0179,0,0.0015,-0.023700000000000002,0.0279,0.37578475,17.650212904947324
1990-01-31,-0.078,0.005699999999999999,-0.0723,0,0.0083,-0.011399999999999999,-0.0298,0.9326762396694215,17.048843606878265
1990-02-28,0.011200000000000002,0.005699999999999999,0.016900000000000002,0,0.006500000000000001,0.0097,-0.0051,0.40885263157894747,16.50809351649028
1990-03-31,0.0183,0.0064,0.0247,0,-0.028999999999999998,0.0147,0.0172,0.3397944214876033,16.833748233480943
1990-04-30,-0.0336,0.0069,-0.026699999999999998,0,-0.025699999999999997,-0.004699999999999999,0.022799999999999997,0.39148275000000005,16.813913898735763
1990-05-31,0.0843,0.0068000000000000005,0.0911,0,-0.038900000000000004,-0.0256,0.031400000000000004,0.32537541322314045,17.392413588645006
1990-06-30,-0.0109,0.0063,-0.0046,0,-0.02,0.013500000000000002,0.024900000000000002,0.48424761904761915,17.817082821653003
1990-07-31,-0.019,0.0068000000000000005,-0.012199999999999999,0,-0.0006,-0.0308,0.0604,0.497510657596372,17.747171587070238
1990-08-31,-0.1012,0.0066,-0.0946,1,0.015600000000000001,-0.035,0.0197,2.3867361058601135,16.16833475650897
1990-09-30,-0.0611,0.006,-0.0551,1,0.0059,-0.0364,0.0571,0.8541983379501386,15.301285443522623
1990-10-31,-0.0192,0.0068000000000000005,-0.012399999999999998,1,0.0008,-0.0552,0.0674,1.701059735349716,14.818147965500797
1990-11-30,0.0635,0.005699999999999999,0.0692,1,-0.0297,0.0042,-0.0536,0.8948126984126987,15.187607599503188
1990-12-31,0.0246,0.006,0.030600000000000002,1,-0.015700000000000002,0.0079,0.0025,0.330991,15.846314974728768
1991-01-31,0.046900000000000004,0.0052,0.05210000000000001,1,-0.0148,0.0378,-0.0647,1.2386514462809917,15.606190118802367
1991-02-28,0.0719,0.0048,0.0767,1,-0.0062,0.0401,-0.049400000000000006,0.9625418282548478,17.354664745205113
1991-03-31,0.026600000000000002,0.0044,0.031000000000000003,1,-0.013000000000000001,0.0388,0.0271,0.5846527499999999,17.818620083397384
1991-04-30,-0.0028000000000000004,0.0053,0.0024999999999999996,0,0.0149,0.005,-0.0232,0.749114876033058,18.15534589519802
1991-05-31,0.0366,0.004699999999999999,0.0413,0,-0.0052,-0.0039000000000000003,-0.0009,0.5733977272727272,18.03543091100406
1991-06-30,-0.049400000000000006,0.0042,-0.045200000000000004,0,0.0108,0.0018,0.0042,0.41192475,18.015227044688334
1991-07-31,0.0424,0.0049,0.0473,0,-0.013000000000000001,-0.0097,0.0426,0.3599952479338843,18.10345234551975
1991-08-31,0.0232,0.0046,0.0278,0,-0.0079,0.0158,0.0158,0.806820867768595,18.51225845533772
1991-09-30,-0.0159,0.0046,-0.011300000000000001,0,-0.0123,0.0168,0.0175,0.22824875000000003,18.35728259177433
1991-10-31,0.0129,0.0042,0.0171,0,-0.0043,0.0077,0.0318,0.4337950850661625,18.349187992001987
1991-11-30,-0.042,0.0039000000000000003,-0.0381,0,-0.0177,-0.0051,0.0118,0.9024647499999998,18.28886816930135
1991-12-31,0.1085,0.0038,0.1123,0,-0.042300000000000004,-0.0226,0.08289999999999999,0.6148521541950114,18.441652313512737
1992-01-31,-0.0059,0.0034000000000000002,-0.0024999999999999996,0,0.0467,0.0848,-0.025,0.38925144628099173,19.77306821146265
1992-02-29,0.0108,0.0028000000000000004,0.013600000000000001,0,0.06509999999999999,0.0083,-0.006999999999999999,0.4327290858725762,19.582982970386745
1992-03-31,-0.0265,0.0034000000000000002,-0.0231,0,0.0349,-0.0097,-0.0021,0.2018694214876033,19.283561861298562
1992-04-30,0.0109,0.0032,0.0141,0,0.0436,-0.061200000000000004,-0.0255,0.7836820861678004,19.30122950788105
1992-05-31,0.003,0.0028000000000000004,0.0058000000000000005,0,0.0111,0.0040999999999999995,0.0006,0.26847475,19.662279795641695
1992-06-30,-0.0233,0.0032,-0.0201,0,0.032400000000000005,-0.031,-0.005699999999999999,0.32595227272727273,19.315365967644603
1992-07-31,0.0378,0.0031,0.0409,0,-0.0051,-0.0045000000000000005,0.0147,0.3291909090909091,19.620740694824413
1992-08-31,-0.023799999999999998,0.0026,-0.021199999999999997,0,-0.0109,-0.001,-0.004699999999999999,0.15981269841269838,19.722137498351533
1992-09-30,0.011899999999999999,0.0026,0.014499999999999999,0,-0.0019,0.0055000000000000005,0.0144,0.3652408163265306,19.70876642474531
1992-10-31,0.0102,0.0023,0.0125,0,-0.019799999999999998,0.021099999999999997,0.025,0.35996528925619836,19.37027107690698
1992-11-30,0.0414,0.0023,0.0437,0,-0.0152,0.0368,-0.0025,0.180001,19.83365603880124
1992-12-31,0.015300000000000001,0.0028000000000000004,0.0181,0,0.0264,0.0165,0.0433,0.14794979338842973,20.448606721242975
1993-01-31,0.009300000000000001,0.0023,0.011600000000000001,0,0.059000000000000004,0.0189,0.048499999999999995,0.15902100000000002,20.32341080299572
1993-02-28,0.0012,0.0022,0.0034000000000000002,0,0.06480000000000001,-0.0339,0.0318,0.6835944598337952,20.545336792900454
1993-03-31,0.0232,0.0025,0.025699999999999997,0,0.0126,0.0029,0.037000000000000005,0.32359395085066167,20.855200148690923
1993-04-30,-0.0305,0.0024,-0.0281,0,0.0255,-0.0062,0.0036,0.44183401360544217,20.45736201664219
1993-05-31,0.028900000000000002,0.0022,0.031100000000000003,0,-0.0346,0.0206,0.0021,0.32664400000000005,20.517605633764877
1993-06-30,0.003,0.0025,0.0055,0,0.0264,-0.003,0.045700000000000005,0.24096136363636364,20.6083570129602
1993-07-31,-0.0034000000000000002,0.0024,-0.0010000000000000005,0,0.0287,0.0096,0.0322,0.1991578231292517,20.564596413297146
1993-08-31,0.037200000000000004,0.0025,0.039700000000000006,0,0.0018,0.0011,0.0254,0.07805144628099173,20.81222754662739
1993-09-30,-0.0012,0.0026,0.0014,0,-0.0024,0.030899999999999997,0.0339,0.2271392290249433,20.993501005229138
1993-10-31,0.014199999999999999,0.0022,0.016399999999999998,0,-0.0278,0.0199,-0.026699999999999998,0.12128208616780047,21.10917824747513
1993-11-30,-0.0187,0.0025,-0.016200000000000003,0,-0.0078000000000000005,-0.0127,-0.04769999999999999,0.33158412698412704,21.037901189606384
1993-12-31,0.0165,0.0023,0.0188,0,0.0025,0.011899999999999999,0.0233,0.09215227272727272,21.164732079814655
1994-01-31,0.0287,0.0025,0.0312,0,0.011000000000000001,0.0033,0.0011,0.13703446712018139,21.41197491382655
1994-02-28,-0.0255,0.0021,-0.023399999999999997,0,-0.0152,0.0276,-0.0034000000000000002,0.47499279778393344,21.26384018731304
1994-03-31,-0.0479,0.0027,-0.0452,0,0.0167,-0.0108,-0.0132,0.3645519848771266,20.83337588946042
1994-04-30,0.0068000000000000005,0.0027,0.009500000000000001,0,0.0166,-0.009300000000000001,0.0033,0.7628094182825486,20.055250085063854
1994-05-31,0.0058,0.0032,0.009,0,0.006,-0.0209,-0.020499999999999997,0.3358997732426304,20.196492421281455
1994-06-30,-0.0304,0.0031,-0.0273,0,0.0177,-0.0043,-0.009000000000000001,0.3232148760330578,20.290763690670317
1994-07-31,0.0282,0.0028000000000000004,0.031,0,0.0060999999999999995,-0.0181,0.0011,0.13952274999999997,20.067951816142163
1994-08-31,0.04019999999999999,0.0037,0.043899999999999995,0,-0.0255,0.015,0.0154,0.14784045368620036,20.53554940475565
1994-09-30,-0.022799999999999997,0.0037,-0.0191,0,-0.0181,0.0304,0.0132,0.29490929705215413,20.576450100818878
1994-10-31,0.013500000000000002,0.0038,0.017300000000000003,0,-0.0166,-0.0216,0.0131,0.44598684807256234,20.395759282410268
1994-11-30,-0.0403,0.0037,-0.0366,0,-0.0073,0.0028000000000000004,-0.0012,0.321487074829932,20.20947302039406
1994-12-31,0.0086,0.0044,0.013000000000000001,0,-0.0009,0.0017000000000000001,0.0345,0.30797732426303853,19.911484108090335
1995-01-31,0.018000000000000002,0.0042,0.0222,0,0.0259,-0.0351,-0.0184,0.1301482993197279,20.21911942245731
1995-02-28,0.0363,0.004,0.0403,0,0.009899999999999999,-0.0060999999999999995,-0.004699999999999999,0.2013850415512465,20.802571764332686
1995-03-31,0.0219,0.0046,0.0265,0,-0.0213,-0.002,0.0045000000000000005,0.1651202268431002,21.152737302037
1995-04-30,0.021099999999999997,0.0044,0.0255,0,0.0167,-0.0051,0.018000000000000002,0.09131024930747922,21.642739261879665
1995-05-31,0.028999999999999998,0.0054,0.0344,0,0.022799999999999997,-0.0253,-0.0055000000000000005,0.32596632231404954,22.195426698019965
1995-06-30,0.027200000000000002,0.004699999999999999,0.0319,0,-0.0254,0.0317,0.0301,0.25686942148760333,22.718356759520624
1995-07-31,0.0371,0.0045000000000000005,0.0416,0,-0.0158,0.0209,0.026000000000000002,0.400584,23.376412691512144
1995-08-31,0.0055000000000000005,0.004699999999999999,0.0102,0,0.0268,0.0131,0.0005,0.0856680529300567,23.284070256230542
1995-09-30,0.0336,0.0043,0.037899999999999996,0,-0.0011,-0.0216,0.0286,0.16261475,23.94600707529987
1995-10-31,-0.0151,0.004699999999999999,-0.010400000000000001,0,-0.0049,-0.038,0.0417,0.284901652892562,23.926762764083286
1995-11-30,0.039599999999999996,0.0042,0.0438,0,0.0052,-0.011200000000000002,-0.0072,0.20931972789115647,24.347586881114825
1995-12-31,0.0104,0.0049,0.0153,0,0.0024,0.0066,0.0248,0.40405099999999994,25.027380664939116
1996-01-31,0.0226,0.0043,0.0269,0,0.0046,-0.028300000000000002,0.005699999999999999,0.5619886363636364,24.76246519464404
1996-02-29,0.013300000000000001,0.0039000000000000003,0.0172,0,-0.0105,0.0179,0.005699999999999999,0.45378875,25.976065550593393
1996-03-31,0.0074,0.0039000000000000003,0.011300000000000001,0,0.0042,0.0143,-0.018500000000000003,0.6722058956916099,25.62993039521612
1996-04-30,0.0206,0.0046,0.0252,0,-0.0397,0.052000000000000005,-0.009399999999999999,0.4050371882086168,25.424203848381534
1996-05-31,0.0236,0.0042,0.0278,0,-0.009000000000000001,0.032,0.016200000000000003,0.41424710743801646,25.814043827699034
1996-06-30,-0.0113,0.004,-0.007299999999999999,0,0.0233,-0.04,0.0102,0.23721474999999997,25.966673558333856
1996-07-31,-0.0596,0.0045000000000000005,-0.055099999999999996,0,0.0519,-0.043,-0.0015,1.2072148760330579,24.858411332348403
1996-08-31,0.0277,0.0040999999999999995,0.031799999999999995,0,-0.008199999999999999,0.0245,-0.0002,0.4423338842975207,25.412529121454966
1996-09-30,0.0501,0.0044,0.0545,0,-0.0274,-0.0102,0.026699999999999998,0.23374475,25.680115512876778
1996-10-31,0.0087,0.0042,0.012899999999999998,0,0.048799999999999996,-0.043899999999999995,0.037200000000000004,0.20929943289224953,26.48346772089722
1996-11-30,0.0625,0.0040999999999999995,0.06659999999999999,0,0.013999999999999999,-0.0404,-0.0235,0.187154,27.585612049012816
1996-12-31,-0.017,0.0046,-0.012400000000000001,0,0.0128,0.031200000000000002,0.0053,0.5811963718820861,27.723946163893977
1997-01-31,0.0496,0.0045000000000000005,0.054099999999999995,0,-0.0144,-0.019299999999999998,0.0187,0.436515082644628,28.332870129950386
1997-02-28,-0.0048,0.0039000000000000003,-0.0008999999999999993,0,0.056100000000000004,-0.0316,-0.0218,0.6198742382271467,29.265634883575967
1997-03-31,-0.050199999999999995,0.0043,-0.045899999999999996,0,0.0339,-0.0033,0.0088,0.7599947499999998,28.802458591871666
1997-04-30,0.0404,0.0043,0.0447,0,0.0,-0.0574,0.0483,1.054797520661157,27.585160338136554
1997-05-31,0.0673,0.0049,0.0722,0,-0.041100000000000005,0.0512,-0.0519,0.7110013605442177,29.928362224688794
1997-06-30,0.040999999999999995,0.0037,0.0447,0,0.0144,0.0121,0.0259,0.6034911564625851,31.25656061638128
1997-07-31,0.0731,0.0043,0.0774,0,0.0013,-0.0273,0.037000000000000005,0.584535743801653,32.76663768966995
1997-08-31,-0.040999999999999995,0.0040999999999999995,-0.036899999999999995,0,0.0113,0.07150000000000001,-0.025699999999999997,0.7851188208616781,32.586283486713185
1997-09-30,0.053399999999999996,0.0044,0.0578,0,0.0024,0.0254,0.0146,0.7536848072562359,32.66658134170863
1997-10-31,-0.038,0.0042,-0.0338,0,0.0233,-0.0070999999999999995,-0.0053,3.363068809073724,32.901498179798125
1997-11-30,0.029900000000000003,0.0039000000000000003,0.033800000000000004,0,0.012199999999999999,-0.051100000000000007,0.0038,1.184110249307479,32.33660053281268
1997-12-31,0.013300000000000001,0.0048,0.0181,0,0.0374,-0.0248,0.0391,0.848906611570248,33.030789042905425
1998-01-31,0.0015,0.0043,0.0058,0,-0.0168,-0.0101,0.0005,1.120921,32.85996841505224
1998-02-28,0.0703,0.0039000000000000003,0.0742,0,-0.009300000000000001,0.0013,-0.011899999999999999,0.3310409972299169,34.709677782269985
1998-03-31,0.047599999999999996,0.0039000000000000003,0.0515,0,0.0138,-0.011899999999999999,0.0213,0.3869944214876034,36.296927736425104
1998-04-30,0.0074,0.0043,0.0117,0,0.0103,0.0006,0.0076,0.7497609977324263,37.276934043028774
1998-05-31,-0.030699999999999998,0.004,-0.026699999999999998,0,0.0341,-0.034,0.0191,0.38514100000000007,36.95659851896902
1998-06-30,0.0319,0.0040999999999999995,0.036,0,-0.0203,-0.0317,0.0726,0.7899944214876032,36.80229346009204
1998-07-31,-0.0242,0.004,-0.0202,0,-0.0183,-0.0483,0.0379,0.8693580578512397,38.259645085248565
1998-08-31,-0.1605,0.0043,-0.1562,0,0.035699999999999996,-0.0547,0.019,3.7894503401360544,35.42340102487834
1998-09-30,0.061900000000000004,0.0046,0.0665,0,-0.0351,-0.0002,-0.006500000000000001,4.115777324263038,33.532356980834905
1998-10-31,0.0698,0.0032,0.073,0,-0.0233,-0.0298,-0.0533,2.567077685950413,33.77310287904815
1998-11-30,0.060700000000000004,0.0031,0.06380000000000001,0,-0.032400000000000005,0.0126,0.0113,0.8325889999999999,37.369391883920954
1998-12-31,0.061500000000000006,0.0038,0.06530000000000001,0,-0.0425,-0.0046,0.08869999999999999,1.20533326446281,38.82027478009817
1999-01-31,0.0348,0.0034999999999999996,0.0383,0,-0.0446,0.0067,0.028399999999999998,1.4789185595567869,40.57695767720813
1999-02-28,-0.0408,0.0034999999999999996,-0.0373,0,0.0195,-0.0602,-0.0014000000000000002,1.6949418282548474,40.40015922925997
1999-03-31,0.0348,0.0043,0.039099999999999996,0,-0.026099999999999998,-0.0384,-0.0121,1.2078941398865786,41.356103632713015
1999-04-30,0.0434,0.0037,0.0471,0,0.024,0.038900000000000004,-0.0898,1.2130657596371879,42.704509516892166
1999-05-31,-0.0246,0.0034000000000000002,-0.0212,0,0.024900000000000002,0.0332,-0.0525,1.3667209999999999,42.55667670951806
1999-06-30,0.04769999999999999,0.004,0.051699999999999996,0,-0.0322,0.0323,0.0466,1.0485239669421487,42.180675911746945
1999-07-31,-0.0349,0.0038,-0.0311,0,-0.0018,0.0248,0.017,0.7317201814058957,43.82803599280543
1999-08-31,-0.0137,0.0039000000000000003,-0.0098,0,-0.019299999999999998,-0.0095,0.0298,1.1943580578512394,41.93071215994047
1999-09-30,-0.0277,0.0039000000000000003,-0.023799999999999998,0,-0.028999999999999998,0.031200000000000002,0.0638,1.1716965986394556,41.323451334715024
1999-10-31,0.060899999999999996,0.0039000000000000003,0.0648,0,-0.0288,-0.0694,0.0545,1.973427664399093,40.55285439953988
1999-11-30,0.0341,0.0036,0.0377,0,-0.0565,0.0687,0.054900000000000004,0.6430789115646259,43.20829071461392
1999-12-31,0.0766,0.0044,0.081,0,-0.0766,0.06559999999999999,0.13140000000000002,0.42489524793388433,44.197939761040566
2000-01-31,-0.047400000000000005,0.0040999999999999995,-0.043300000000000005,0,-0.011200000000000002,0.0516,0.018600000000000002,2.74957875,43.77257814693801
2000-02-29,0.0246,0.0043,0.028900000000000002,0,-0.0977,0.2125,0.1802,1.35734875,42.185635887917336
2000-03-31,0.0521,0.004699999999999999,0.0568,0,0.085,-0.1741,-0.06849999999999999,2.737368998109641,43.220748439965895
2000-04-30,-0.0639,0.0046,-0.0593,0,0.0645,-0.06,-0.086,5.813235457063712,43.52857428850775
2000-05-31,-0.043899999999999995,0.005,-0.0389,0,0.045899999999999996,-0.0608,-0.08990000000000001,3.019144834710744,41.96605050332432
2000-06-30,0.046799999999999994,0.004,0.0508,0,-0.08039999999999999,0.12710000000000002,0.1663,1.4038082644628098,42.781971567071466
2000-07-31,-0.0248,0.0048,-0.02,0,0.0806,-0.028399999999999998,-0.0016,1.3734527499999998,42.75809361826961
2000-08-31,0.0703,0.005,0.0753,0,-0.0137,-0.005,0.0559,0.38352551984877126,42.86956549441951
2000-09-30,-0.054400000000000004,0.0051,-0.049300000000000004,0,0.0724,-0.0174,0.0189,0.9009539999999999,41.89800792488475
2000-10-31,-0.0278,0.005600000000000001,-0.022199999999999998,0,0.0558,-0.0385,-0.045599999999999995,3.158087603305785,39.36969904420138
2000-11-30,-0.107,0.0051,-0.10189999999999999,0,0.12240000000000001,-0.0308,-0.0217,1.9841197278911569,38.78214245678478
2000-12-31,0.0118,0.005,0.0168,0,0.0755,0.008199999999999999,0.0659,3.65589875,37.274238004497214
2001-01-31,0.0325,0.0054,0.0379,0,-0.050499999999999996,0.0641,-0.2535,2.994770521541951,36.97886799702982
2001-02-28,-0.1003,0.0038,-0.0965,0,0.1223,-0.006500000000000001,0.126,1.1830216066481993,35.834662651431294
2001-03-31,-0.0725,0.0042,-0.0683,0,0.0647,0.0026,0.08650000000000001,3.2103884297520664,32.32583723617875
2001-04-30,0.0793,0.0039000000000000003,0.0832,1,-0.0464,0.005,-0.0801,3.99308275,32.1739011683607
2001-05-31,0.0068000000000000005,0.0032,0.01,1,0.0338,0.0248,0.0215,1.2694059917355374,34.07464321714004
2001-06-30,-0.0194,0.0028000000000000004,-0.0166,1,-0.0126,0.0635,0.0062,0.7877473922902494,33.06853441111278
2001-07-31,-0.0213,0.003,-0.0183,1,0.0495,-0.0405,0.0548,1.3315197278911564,32.16303868744437
2001-08-31,-0.064,0.0031,-0.0609,1,0.0286,0.0219,0.0546,0.8132846880907374,31.404318760780136
2001-09-30,-0.0924,0.0028000000000000004,-0.0896,1,0.0152,-0.0623,0.11380000000000001,4.413686222222222,27.6673925868625
2001-10-31,0.0248,0.0022,0.027,1,-0.0731,0.07490000000000001,-0.0832,1.5310151228733455,28.577373113360107
2001-11-30,0.0753,0.0017000000000000001,0.07700000000000001,1,0.0217,-0.005699999999999999,-0.0861,0.8833741496598638,30.00510381105683
2001-12-31,0.0161,0.0015,0.0176,0,0.0083,0.0472,0.0002,0.9221527500000001,30.499953255020458
2002-01-31,-0.0144,0.0014000000000000002,-0.013,0,0.0342,0.011699999999999999,0.0365,0.9636331065759636,30.27720443309601
2002-02-28,-0.023,0.0013,-0.0217,0,0.023399999999999997,-0.0108,0.0683,1.3011927977839335,29.08570415200844
2002-03-31,0.0424,0.0013,0.0437,0,0.0108,0.0409,-0.0169,0.9233827499999998,30.292130640918685
2002-04-30,-0.0521,0.0015,-0.0506,0,0.0401,0.0582,0.077,0.9501512396694213,29.005883253118697
2002-05-31,-0.013600000000000001,0.0014000000000000002,-0.0122,0,0.0152,-0.0327,0.030899999999999997,1.7098398760330575,28.128107508688345
2002-06-30,-0.0723,0.0013,-0.07100000000000001,0,0.0037,0.0408,0.062400000000000004,1.6188727500000002,26.38767254118336
2002-07-31,-0.0819,0.0015,-0.0804,0,-0.0351,-0.0525,0.0363,6.318842975206611,23.463120467431448
2002-08-31,0.005,0.0014000000000000002,0.0064,0,0.0301,-0.027999999999999997,0.0187,3.9785561983471074,23.588713528842376
2002-09-30,-0.10339999999999999,0.0014000000000000002,-0.102,0,0.0126,0.0242,0.09179999999999999,3.1584087500000004,22.365036801224335
2002-10-31,0.0784,0.0014000000000000002,0.0798,0,-0.037599999999999995,-0.034,-0.0558,4.634593950850662,21.956233863659083
2002-11-30,0.0596,0.0012,0.0608,0,-0.0116,0.0326,-0.1643,2.1012589999999998,23.348396502725137
2002-12-31,-0.0576,0.0011,-0.0565,0,0.021099999999999997,-0.0004,0.09720000000000001,1.1326997732426303,23.10144253768564
2003-01-31,-0.025699999999999997,0.001,-0.024699999999999996,0,-0.0079,0.0134,0.0159,2.2336054421768705,22.898348576613227
2003-02-28,-0.018799999999999997,0.0009,-0.017899999999999996,0,-0.013600000000000001,-0.0044,0.0121,1.221790027700831,21.214102123415287
2003-03-31,0.0109,0.001,0.0119,0,-0.021099999999999997,0.011699999999999999,0.013999999999999999,2.639367800453515,21.309719026990994
2003-04-30,0.0818,0.001,0.0828,0,0.012199999999999999,0.0076,-0.0935,1.2107582766439908,22.42793957773091
2003-05-31,0.0605,0.0009,0.061399999999999996,0,0.006999999999999999,0.0461,-0.1075,0.932014058956916,23.59108045348149
2003-06-30,0.014199999999999999,0.001,0.015199999999999998,0,0.0014000000000000002,0.017,-0.0123,0.9485551020408165,24.83222325953107
2003-07-31,0.0233,0.0007000000000000001,0.024,0,-0.015300000000000001,0.0493,-0.003,0.8899809917355374,24.86732910126879
2003-08-31,0.0233,0.0007000000000000001,0.024,0,0.016399999999999998,0.024399999999999998,-0.0053,0.46447256235827666,24.642251409932175
2003-09-30,-0.0124,0.0008,-0.0116,0,0.0014000000000000002,0.0085,-0.0007000000000000001,0.9172625850340136,25.243686752606266
2003-10-31,0.0608,0.0007000000000000001,0.0615,0,0.022099999999999998,0.0259,0.0401,0.5753954631379962,25.682756070579696
2003-11-30,0.013500000000000002,0.0007000000000000001,0.0142,0,0.0172,0.0206,0.013600000000000001,0.5337706371191137,25.94679821842013
2003-12-31,0.0429,0.0008,0.0437,0,0.0151,-0.0268,-0.0554,0.4064652892561984,26.635170511081537
2004-01-31,0.0215,0.0007000000000000001,0.022199999999999998,0,0.0242,0.0254,0.025699999999999997,0.4381189999999999,27.658540355736587
2004-02-29,0.013999999999999999,0.0006,0.014599999999999998,0,0.0095,-0.015700000000000002,-0.011699999999999999,0.3686249307479224,27.650862036740225
2004-03-31,-0.0132,0.0009,-0.0123,0,0.0023,0.0173,0.0019,0.9073977315689981,26.88653038403586
2004-04-30,-0.0181,0.0008,-0.017300000000000003,0,-0.0323,-0.0173,-0.053399999999999996,0.6134820861678004,26.90057750844489
2004-05-31,0.0118,0.0006,0.0124,0,-0.0018,-0.0023,0.0149,0.573626,25.902814292943756
2004-06-30,0.018500000000000003,0.0008,0.0193,0,0.0121,0.0225,0.0208,0.38402766439909314,26.401285366474905
2004-07-31,-0.0404,0.001,-0.0394,0,0.0322,-0.037599999999999995,-0.022400000000000003,0.4157006802721088,25.69588864626855
2004-08-31,0.0007000000000000001,0.0011,0.0018000000000000002,0,0.0108,-0.0152,-0.0155,0.7199878099173553,25.174462226477775
2004-09-30,0.016,0.0011,0.0171,0,-0.0005,0.0301,0.0548,0.3441061224489796,25.668406776357696
2004-10-31,0.014199999999999999,0.0011,0.0153,0,-0.0026,0.0013,-0.0143,0.5831999999999999,25.411655665489334
2004-11-30,0.0453,0.0015,0.0468,0,0.015700000000000002,0.0374,0.0308,0.34884263038548746,26.465310814818046
2004-12-31,0.0342,0.0016,0.0358,0,-0.0023,-0.0003,-0.0285,0.30993409090909085,27.14480869474124
2005-01-31,-0.0275,0.0016,-0.0259,0,0.0206,-0.0166,0.0296,0.452576,26.587250697970383
2005-02-28,0.018799999999999997,0.0016,0.020399999999999998,0,0.0141,-0.005699999999999999,0.034300000000000004,0.4545368421052631,26.744863128101194
2005-03-31,-0.0194,0.0021,-0.0173,0,0.0207,-0.0141,0.0043,0.35098760330578516,26.339142131057933
2005-04-30,-0.026099999999999998,0.0021,-0.023999999999999997,0,0.0005,-0.0393,-0.0068000000000000005,0.8537265306122448,25.408922569114466
2005-05-31,0.0365,0.0024,0.0389,0,-0.0058,0.0286,0.0037,0.40237460317460316,25.65023018718297
2005-06-30,0.0058,0.0023,0.0081,0,0.027999999999999997,0.0256,0.0207,0.25333574380165297,26.068394871883992
2005-07-31,0.0392,0.0024,0.0416,0,-0.0078000000000000005,0.0287,0.0003,0.307234,26.28787109125475
2005-08-31,-0.012,0.003,-0.009000000000000001,0,0.0134,-0.010700000000000001,0.0207,0.3189258979206049,26.104381410936153
2005-09-30,0.0048,0.0029,0.007699999999999999,0,0.0078000000000000005,-0.0062,0.0346,0.31835555555555556,25.730122990164478
2005-10-31,-0.0204,0.0027,-0.0177,0,0.0043,-0.013000000000000001,-0.011899999999999999,0.9276807256235828,24.876538723647965
2005-11-30,0.0361,0.0031,0.0392,0,-0.011899999999999999,0.0105,0.0034000000000000002,0.2572857142857143,25.931783309069022
2005-12-31,-0.0024,0.0032,0.0008000000000000004,0,0.0015,-0.0044,0.0078000000000000005,0.22402857142857138,26.443803114292407
2006-01-31,0.030299999999999997,0.0034999999999999996,0.0338,0,0.009899999999999999,0.0546,0.0252,0.44863600000000003,26.46870262668572
2006-02-28,-0.003,0.0034000000000000002,0.0004000000000000002,0,-0.0031,-0.0040999999999999995,-0.0178,0.35386371191135735,26.2496247635833
2006-03-31,0.0147,0.0037,0.0184,0,0.0060999999999999995,0.0339,0.0126,0.2491289224952741,26.32783777866769
2006-04-30,0.0073,0.0036,0.0109,0,0.0226,-0.0138,0.006,0.3040421052631579,26.147280943874524
2006-05-31,-0.0356,0.0043,-0.0313,0,0.023799999999999998,-0.0301,-0.0366,0.6365117768595041,25.65064070875734
2006-06-30,-0.0034999999999999996,0.004,0.0005000000000000004,0,0.0085,-0.0034999999999999996,0.0155,1.1206679752066113,24.749582241646376
2006-07-31,-0.0077,0.004,-0.0037,0,0.0262,-0.0395,-0.0204,0.8804040000000001,24.696786766853307
2006-08-31,0.0203,0.0042,0.024499999999999997,0,-0.0195,0.009899999999999999,-0.0336,0.2542427221172022,25.051393562010965
2006-09-30,0.0184,0.0040999999999999995,0.0225,0,0.0006,-0.013000000000000001,-0.0098,0.287889,25.644156440797396
2006-10-31,0.0322,0.0040999999999999995,0.0363,0,-0.0033,0.0177,-0.0025,0.22497871900826452,26.538040282101726
2006-11-30,0.017,0.0042,0.0212,0,0.0004,0.0063,-0.0104,0.32460272108843535,26.928020270856504
2006-12-31,0.0085,0.004,0.0125,0,0.0274,-0.0116,0.0079,0.187831,27.282689787571694
2007-01-31,0.0138,0.0044,0.0182,0,-0.0068000000000000005,0.0009,0.0017000000000000001,0.24295999999999998,27.207536656807147
2007-02-28,-0.0196,0.0038,-0.015799999999999998,0,-0.0008,0.0123,-0.0129,0.7487207756232687,27.315181413516616
2007-03-31,0.0070999999999999995,0.0043,0.0114,0,-0.0088,0.0009,0.0258,0.7271157024793388,26.227605554650907
2007-04-30,0.0349,0.0044,0.0393,0,-0.0144,-0.022099999999999998,-0.0016,0.25591875,26.9762683141891
2007-05-31,0.0323,0.0040999999999999995,0.0364,0,-0.0059,0.0016,-0.0033,0.3184886363636364,27.54849045185127
2007-06-30,-0.0196,0.004,-0.0156,0,-0.0105,0.0073,0.0052,0.6613428571428571,27.41826274041063
2007-07-31,-0.037200000000000004,0.004,-0.03320000000000001,0,-0.0368,-0.026600000000000002,0.028399999999999998,1.0818249433106573,27.410088167204343
2007-08-31,0.009399999999999999,0.0042,0.013599999999999998,0,-0.0187,-0.0011,-0.0003,2.0975013232514175,26.148607189312333
2007-09-30,0.0322,0.0032,0.0354,0,-0.0217,-0.0225,0.0443,0.9281429362880885,26.725743047696934
2007-10-31,0.0179,0.0032,0.0211,0,-0.0287,0.0019,0.050300000000000004,0.7316665406427224,27.320648130462033
2007-11-30,-0.048,0.0034000000000000002,-0.0446,0,-0.0109,-0.0281,0.011200000000000002,2.4804331065759633,25.729053579498387
2007-12-31,-0.0087,0.0027,-0.005999999999999999,0,-0.0051,0.0011,0.06559999999999999,1.17591875,25.955510105240236
2008-01-31,-0.0633,0.0021,-0.0612,1,0.04,-0.0102,-0.0774,2.0861854875283448,24.022317760836835
2008-02-29,-0.030899999999999997,0.0013,-0.029599999999999998,1,-0.0072,-0.0048,0.0613,1.5563527499999998,23.49526340181179
2008-03-31,-0.009399999999999999,0.0017000000000000001,-0.0076999999999999985,1,0.0031,0.0070999999999999995,0.0425,3.11571875,22.60681084224935
2008-04-30,0.0461,0.0018,0.047900000000000005,1,-0.0096,-0.0169,-0.0033,1.2018572314049585,23.356040643201613
2008-05-31,0.0187,0.0018,0.0205,1,-0.015,0.0297,0.0339,0.7103297052154195,23.69643211662319
2008-06-30,-0.0843,0.0017000000000000001,-0.0826,1,-0.025099999999999997,0.0115,0.12710000000000002,1.3657569160997736,22.41681280228194
2008-07-31,-0.0075,0.0015,-0.006,1,0.052000000000000005,0.026000000000000002,-0.050199999999999995,1.9366696280991733,20.907206462661584
2008-08-31,0.015300000000000001,0.0013,0.0166,1,0.0152,0.034,-0.044800000000000006,1.5363419501133786,21.40161736004793
2008-09-30,-0.0935,0.0015,-0.092,1,0.056600000000000004,-0.010700000000000001,0.0086,10.299462585034014,20.362733946097514
2008-10-31,-0.172,0.0008,-0.1712,1,-0.0189,-0.0231,0.0787,23.180213988657844,16.387356548789825
2008-11-30,-0.0774,0.0003,-0.0771,1,-0.0621,-0.0301,0.0728,18.29506814404432,15.25965940570457
2008-12-31,0.0177,0.0,0.0177,1,0.0005,0.0352,-0.0509,9.209323140495869,15.37608074742376
2009-01-31,-0.0809,0.0,-0.0809,1,-0.11019999999999999,0.0004,-0.0236,5.710685,15.174651936879659
2009-02-28,-0.1014,0.0001,-0.1013,1,-0.066,0.0014000000000000002,0.0436,4.609829916897507,14.122181801918886
2009-03-31,0.0901,0.0002,0.0903,1,0.0348,-0.001,-0.1183,9.07804132231405,13.32366765686392
2009-04-30,0.1017,0.0001,0.1018,1,0.0538,0.054000000000000006,-0.34340000000000004,3.5607950113378686,14.981866453039235
2009-05-31,0.0521,0.0,0.0521,1,0.0040999999999999995,-0.0241,-0.1253,3.14486475,15.996355755263142
2009-06-30,0.0042,0.0001,0.0043,1,-0.0276,0.0258,0.0545,1.6294357438016533,16.384182816215333
2009-07-31,0.0774,0.0001,0.0775,0,0.0489,0.0175,-0.0554,1.5991876033057848,16.694620816995602
2009-08-31,0.0333,0.0001,0.033400000000000006,0,0.076,-0.011200000000000002,-0.091,1.0676598639455779,18.09406980157607
2009-09-30,0.0408,0.0001,0.040900000000000006,0,0.0115,0.024300000000000002,-0.0487,0.8942344671201814,18.831902264840068
2009-10-31,-0.0253,0.0,-0.0253,0,-0.0417,-0.0426,0.024900000000000002,1.7752719008264464,19.35800844348682
2009-11-30,0.056299999999999996,0.0,0.056299999999999996,0,-0.0033,-0.025,0.0039000000000000003,0.9621147500000001,19.81276107996604
2009-12-31,0.027999999999999997,0.0001,0.028099999999999997,0,-0.0011,0.0601,0.03,0.42891756198347103,20.322376500216524
2010-01-31,-0.0335,0.0,-0.0335,0,0.0033,0.0043,-0.0533,0.9870038781163435,20.5278598014544
2010-02-28,0.0339,0.0,0.0339,0,0.0318,0.0118,0.0369,1.203703601108033,19.92053930660043
2010-03-31,0.063,0.0001,0.0631,0,0.0219,0.0146,0.035699999999999996,0.25758449905482045,21.004601209715343
2010-04-30,0.0199,0.0001,0.02,0,0.0296,0.0484,0.0316,0.8674752834467121,21.804845599625143
2010-05-31,-0.079,0.0001,-0.0789,0,-0.0248,0.0013,-0.002,4.10322475,20.480068638423393
2010-06-30,-0.0556,0.0001,-0.055499999999999994,0,-0.0473,-0.0179,-0.027000000000000003,2.633144834710744,19.742039853739442
2010-07-31,0.0692,0.0001,0.0693,0,-0.005,0.0022,0.0178,1.6358344671201814,19.668660470717697
2010-08-31,-0.0478,0.0001,-0.0477,0,-0.0173,-0.0301,0.0004,1.2764795454545455,19.770299174358563
2010-09-30,0.0955,0.0001,0.0956,0,-0.0302,0.0382,0.0138,1.0078086167800453,20.38139523320402
2010-10-31,0.0387,0.0001,0.0388,0,-0.0246,0.0108,0.0146,0.517918820861678,21.240127651759412
2010-11-30,0.0059,0.0001,0.006,0,-0.009000000000000001,0.036699999999999997,0.0273,0.8530235827664401,21.700723827760605
2010-12-31,0.0682,0.0001,0.0683,0,0.0356,0.0072,-0.03,0.28726632231404964,22.396379773044202
2011-01-31,0.019799999999999998,0.0001,0.019899999999999998,0,0.0060999999999999995,-0.0229,-0.003,0.484011,22.97829943055498
2011-02-28,0.0348,0.0001,0.0349,0,0.0118,0.015,0.018799999999999997,0.6229401662049862,23.489828703298524
2011-03-31,0.0045000000000000005,0.0001,0.004600000000000001,0,-0.0184,0.024900000000000002,0.0345,1.016128922495274,22.899336430143645
2011-04-30,0.028999999999999998,0.0,0.028999999999999998,0,-0.024399999999999998,-0.0042,0.0005,0.33422275,23.143929447285945
2011-05-31,-0.0127,0.0,-0.0127,0,-0.018500000000000003,-0.0073,-0.006,0.5076467120181406,23.05949150609534
2011-06-30,-0.0174,0.0,-0.0174,0,-0.002,-0.0027,0.0182,1.0910611570247937,22.100831286610997
2011-07-31,-0.0235,0.0,-0.0235,0,-0.0091,-0.011699999999999999,0.002,0.9874940000000001,22.61098170115663
2011-08-31,-0.0596,0.0001,-0.0595,0,-0.024300000000000002,-0.0296,-0.0027,8.993955765595462,20.049852721660496
2011-09-30,-0.0758,0.0,-0.0758,0,-0.015300000000000001,-0.031200000000000002,-0.024,3.3771265306122453,19.698114568877717
2011-10-31,0.1133,0.0,0.1133,0,0.0006,0.0305,-0.013999999999999999,3.6805265306122448,20.155824786688765
2011-11-30,-0.0027,0.0,-0.0027,0,-0.0052,-0.0018,0.0388,3.8500394557823125,20.34524679764583
2011-12-31,0.0075,0.0,0.0075,0,0.0154,-0.005600000000000001,0.0183,1.4575664399092971,20.5235754994317
2012-01-31,0.050499999999999996,0.0,0.050499999999999996,0,-0.009300000000000001,0.020099999999999996,-0.0801,0.28763600000000006,21.21300809180346
2012-02-29,0.044199999999999996,0.0,0.044199999999999996,0,0.0042,-0.0184,-0.0026,0.340971,21.797435963717536
2012-03-31,0.031200000000000002,0.0,0.031200000000000002,0,0.011899999999999999,-0.0063,0.0131,0.5708239669421488,22.053943972904708
2012-04-30,-0.0085,0.0,-0.0085,0,-0.0077,-0.0037,0.037200000000000004,0.90224875,21.779246906824895
2012-05-31,-0.0617,0.0001,-0.061599999999999995,0,-0.0095,0.0012,0.0644,0.6520338842975206,20.94146741974348
2012-06-30,0.038900000000000004,0.0,0.038900000000000004,0,0.0055000000000000005,0.0072,-0.011000000000000001,1.716180045351474,20.547504086856094
2012-07-31,0.0079,0.0,0.0079,0,-0.0006,-0.0276,0.03,0.7664154195011338,20.999341293380567
2012-08-31,0.0254,0.0001,0.0255,0,0.0123,0.005,-0.0235,0.3357867674858223,21.41042845344294
2012-09-30,0.0273,0.0001,0.0274,0,0.016200000000000003,0.0045000000000000005,-0.0113,0.5457191135734072,21.783690301727688
2012-10-31,-0.0176,0.0001,-0.0175,0,0.0352,-0.0109,0.0005,0.4266394557823129,21.577109654528787
2012-11-30,0.0078000000000000005,0.0001,0.0079,0,-0.0086,0.006,0.0053,0.9249170068027209,20.8981620595737
2012-12-31,0.0118,0.0001,0.011899999999999999,0,0.0348,0.015,-0.029300000000000003,0.48947599999999997,21.238261139845616
2013-01-31,0.0557,0.0,0.0557,0,0.0101,0.0029,-0.0182,0.3749473922902495,21.900475413821813
2013-02-28,0.0128,0.0,0.0128,0,0.0021,-0.003,0.0123,0.6812620498614961,22.052724336861946
2013-03-31,0.0404,0.0,0.0404,0,-0.0022,0.0083,0.0192,0.21047274999999996,22.419207114602578
2013-04-30,0.015600000000000001,0.0,0.015600000000000001,0,0.0044,-0.023700000000000002,0.0022,0.8432793388429753,22.595655396105595
2013-05-31,0.027999999999999997,0.0,0.027999999999999997,0,0.026699999999999998,0.017,-0.020099999999999996,0.49406942148760336,23.411841781842412
2013-06-30,-0.012,0.0,-0.012,0,-0.0005,0.0131,0.0043,1.09293475,22.925333173915334
2013-07-31,0.0565,0.0,0.0565,0,0.0058,0.0181,0.0174,0.19336942148760328,23.492460177159646
2013-08-31,-0.0271,0.0,-0.0271,0,-0.0273,0.0032,0.0004,0.4860489669421488,23.3566490949161
2013-09-30,0.0377,0.0,0.0377,0,-0.0118,0.028900000000000002,0.0302,0.26647475000000004,23.442287167960608
2013-10-31,0.0417,0.0,0.0417,0,0.012199999999999999,-0.015600000000000001,0.0002,0.641054820415879,23.834737887631434
2013-11-30,0.0311,0.0,0.0311,0,0.0019,0.0131,0.0039000000000000003,0.35383475000000003,24.642077092412055
2013-12-31,0.0281,0.0,0.0281,0,0.0,-0.0044,0.0002,0.3258984126984127,24.861869296461943
2014-01-31,-0.0332,0.0,-0.0332,0,-0.0199,0.009300000000000001,0.0161,0.6686299319727892,24.859609093632713
2014-02-28,0.0466,0.0,0.0466,0,-0.0034999999999999996,0.0036,0.0213,0.669603324099723,24.590930877894134
2014-03-31,0.0043,0.0,0.0043,0,0.049,-0.018600000000000002,-0.0327,0.4686154195011338,24.956039153965396
2014-04-30,-0.0018,0.0,-0.0018,0,0.012199999999999999,-0.0418,-0.0382,0.8009197278911564,24.78631539696264
2014-05-31,0.020499999999999997,0.0,0.020499999999999997,0,-0.001,-0.018500000000000003,0.0089,0.3156344671201815,24.94327410990259
2014-06-30,0.026000000000000002,0.0,0.026000000000000002,0,-0.0070999999999999995,0.0305,0.006500000000000001,0.14262993197278911,25.55800762351131
2014-07-31,-0.0203,0.0,-0.0203,0,-0.0008,-0.0418,-0.0017000000000000001,0.46784462809917354,25.817545976158748
2014-08-31,0.0424,0.0,0.0424,0,-0.005699999999999999,0.0040999999999999995,0.0083,0.22179501133786847,25.617606421799408
2014-09-30,-0.0196,0.0,-0.0196,0,-0.0147,-0.0359,0.006,0.3635514739229025,25.918436892606206
2014-10-31,0.025099999999999997,0.0,0.025099999999999997,0,-0.0163,0.0405,-0.0021,1.3141810964083174,25.162748283083268
2014-11-30,0.0256,0.0,0.0256,0,-0.0313,-0.020499999999999997,0.0069,0.07266537396121883,26.606817147143435
2014-12-31,-0.0005,0.0,-0.0005,0,0.0212,0.0253,0.0103,0.9434663223140496,26.794085482572566
2015-01-31,-0.031,0.0,-0.031,0,-0.0345,-0.0059,0.0374,1.13111475,26.492295420383137
2015-02-28,0.0613,0.0,0.0613,0,-0.0179,0.0060999999999999995,-0.031,0.33862437673130197,26.995513699383253
2015-03-31,-0.0111,0.0,-0.0111,0,-0.0038,0.0305,0.027000000000000003,0.712430785123967,26.72860545292849
2015-04-30,0.0059,0.0,0.0059,0,0.018000000000000002,-0.029900000000000003,-0.0727,0.29466167800453513,26.791371680192338
2015-05-31,0.0137,0.0,0.0137,0,-0.0111,0.0095,0.056799999999999996,0.39678475,26.806111379650833
2015-06-30,-0.0152,0.0,-0.0152,0,-0.008199999999999999,0.0294,0.0301,0.48464896694214876,26.495895292784855
2015-07-31,0.015700000000000002,0.0,0.015700000000000002,0,-0.0416,-0.0417,0.09970000000000001,0.5307975206611569,26.381136336399706
2015-08-31,-0.0602,0.0,-0.0602,0,0.0275,0.0037,-0.0216,2.5630902494331065,25.693658417057716
2015-09-30,-0.030600000000000002,0.0,-0.030600000000000002,0,0.0055000000000000005,-0.0263,0.0524,1.8784276643990927,24.49675217048645
2015-10-31,0.0775,0.0,0.0775,0,-0.004699999999999999,-0.019,-0.0319,0.684704958677686,25.491441046066758
2015-11-30,0.005699999999999999,0.0,0.005699999999999999,0,-0.0043,0.0358,0.0229,0.55161275,26.225851890971942
2015-12-31,-0.0215,0.0001,-0.0214,0,-0.025699999999999997,-0.027999999999999997,0.0334,1.2474628099173553,25.96542403712419
2016-01-31,-0.0574,0.0001,-0.0573,0,0.0208,-0.034,0.016,2.2854376731301937,24.206167203878486
2016-02-29,-0.0006,0.0002,-0.00039999999999999996,0,-0.0060999999999999995,0.0073,-0.0435,1.4026039999999997,24.002606777289767
2016-03-31,0.0695,0.0002,0.06970000000000001,0,0.012199999999999999,0.0075,-0.0504,0.5552991735537192,25.37229862018792
2016-04-30,0.0092,0.0001,0.0093,0,0.0322,0.0077,-0.059800000000000006,0.42930113378684803,25.922337543673887
2016-05-31,0.0178,0.0001,0.0179,0,-0.016200000000000003,-0.0018,0.0147,0.5039378684807255,25.694709923449977
2016-06-30,-0.0003,0.0002,-9.999999999999996e-05,0,-0.0149,0.006,0.042,1.4437605371900826,25.840372927670515
2016-07-31,0.0394,0.0002,0.039599999999999996,0,-0.0124,0.0245,-0.0331,0.24021499999999998,26.694003256096305
2016-08-31,0.0049,0.0002,0.0050999999999999995,0,0.0317,0.011699999999999999,-0.0341,0.1433765595463138,26.948872433723874
2016-09-30,0.0027,0.0002,0.0029000000000000002,0,-0.011899999999999999,0.0208,0.0026,0.8244299319727892,26.727873346478543
2016-10-31,-0.020099999999999996,0.0002,-0.019899999999999998,0,0.041100000000000005,-0.043899999999999995,0.0051,0.18871882086167796,26.525143085070606
2016-11-30,0.048600000000000004,0.0001,0.04870000000000001,0,0.08289999999999999,0.055999999999999994,-0.04769999999999999,0.47043129251700694,26.850953531056277
2016-12-31,0.0181,0.0003,0.018400000000000003,0,0.0347,0.0014000000000000002,-0.0027,0.26646167800453513,27.865098223923543
2017-01-31,0.0194,0.0004,0.0198,0,-0.0276,-0.0116,-0.009300000000000001,0.20908600000000002,28.063573742124476
2017-02-28,0.0355,0.0004,0.035899999999999994,0,-0.015,-0.0215,-0.0151,0.1147601108033241,28.655106525184145
2017-03-31,0.0017000000000000001,0.0003,0.002,0,-0.0333,0.0113,-0.0097,0.30377807183364836,29.086921742464654
2017-04-30,0.0108,0.0005,0.011300000000000001,0,-0.020499999999999997,0.0066,0.0048,0.24612465373961212,28.90424595627517
2017-05-31,0.010700000000000001,0.0006,0.011300000000000001,0,-0.0382,-0.0252,0.015,0.26413161157024795,29.31334498027144
2017-06-30,0.0079,0.0006,0.0085,0,0.015,0.022099999999999998,-0.001,0.24450495867768593,29.748503240632765
2017-07-31,0.018799999999999997,0.0007000000000000001,0.019499999999999997,0,-0.0023,-0.014499999999999999,0.0163,0.128241,30.002220744018572
2017-08-31,0.0018,0.0009,0.0027,0,-0.0213,-0.0167,0.0331,0.3564514177693762,29.91495939749749
2017-09-30,0.024900000000000002,0.0009,0.025800000000000003,0,0.0315,0.044500000000000005,-0.013500000000000002,0.13576275,30.168114410678907
2017-10-31,0.0226,0.0009,0.0235,0,0.0013,-0.019299999999999998,0.0421,0.10955619834710743,30.92039329033384
2017-11-30,0.031200000000000002,0.0008,0.032,0,-0.0009,-0.006,-0.009399999999999999,0.1701823129251701,31.298913333880268
2017-12-31,0.0106,0.0009,0.0115,0,0.0005,-0.0132,-0.0155,0.13693275000000002,32.086132007706006
2018-01-31,0.0558,0.0011,0.0569,0,-0.0132,-0.0316,0.0408,0.30547120181405896,33.30734382803067
2018-02-28,-0.0364,0.0011,-0.035300000000000005,0,-0.011000000000000001,0.0027,0.0368,2.6934448753462603,32.03538233925029
2018-03-31,-0.0235,0.0012,-0.0223,0,-0.0021,0.0405,-0.012,1.5399102040816326,31.80840905764312
2018-04-30,0.0027,0.0014000000000000002,0.0041,0,0.0053,0.0109,0.0045000000000000005,1.1388344671201813,30.97017929332523
2018-05-31,0.026600000000000002,0.0014000000000000002,0.028000000000000004,0,-0.031400000000000004,0.0524,0.0391,0.3793117768595042,31.243615074864607
2018-06-30,0.0049,0.0014000000000000002,0.0063,0,-0.0233,0.0111,-0.0226,0.3274340136054422,31.630556496454613
2018-07-31,0.032,0.0016,0.0336,0,0.0049,-0.0223,-0.0143,0.2944086167800453,31.886366962158995
2018-08-31,0.0345,0.0016,0.0361,0,-0.0391,0.011399999999999999,0.053,0.20398827977315695,32.39027688030112
2018-09-30,0.0006,0.0015,0.0021,0,-0.016200000000000003,-0.0229,-0.0008,0.1369191135734072,32.6228911205002
2018-10-31,-0.0765,0.0019,-0.0746,0,0.0338,-0.047,-0.0206,2.0136071833648392,31.03796107800651
2018-11-30,0.0171,0.0018,0.0189,0,0.0036,-0.0073,-0.013999999999999999,1.4710371882086168,30.195583406705246
2018-12-31,-0.0955,0.0019,-0.0936,0,-0.0192,-0.0231,0.0176,3.47431135734072,28.291857012072878
2019-01-31,0.0837,0.0021,0.0858,0,-0.0039000000000000003,0.0276,-0.0862,1.3622902494331068,28.380164463547583
2019-02-28,0.0342,0.0018,0.036000000000000004,0,-0.026600000000000002,0.020499999999999997,0.005,0.26818836565096954,29.541548965131216
2019-03-31,0.011000000000000001,0.0019,0.012900000000000002,0,-0.0414,-0.030299999999999997,0.022400000000000003,0.6121578231292517,29.57619601478483
2019-04-30,0.0397,0.0021,0.0418,0,0.0213,-0.0174,-0.0291,0.17278639455782313,30.133517171387517
2019-05-31,-0.0692,0.0021,-0.06709999999999999,0,-0.0245,-0.0126,0.0755,0.8561770661157024,29.24203093693986
2019-06-30,0.0699,0.0018,0.0717,0,-0.0064,0.0011,-0.022400000000000003,0.48507475000000005,29.283796275306276
2019-07-31,0.0123,0.0019,0.0142,0,0.005,-0.0196,0.0292,0.285324173553719,29.98668533504253
2019-08-31,-0.0255,0.0016,-0.023899999999999998,0,-0.04769999999999999,-0.0239,0.0751,2.068986776859504,28.705397371833076
2019-09-30,0.0141,0.0018,0.0159,0,0.0676,-0.0097,-0.0674,0.36212599999999995,29.22952023303528
2019-10-31,0.0207,0.0015,0.0222,0,-0.0192,0.0027,0.0013,0.6830453686200378,28.84112288195341
2019-11-30,0.0387,0.0012,0.0399,0,-0.02,0.0072,-0.0263,0.14379999999999998,29.83686765908344
2019-12-31,0.0277,0.0014000000000000002,0.0291,0,0.0173,0.0076,-0.0222,0.22255827664399097,30.3318223222433
